<Ui xmlns="http://www.blizzard.com/wow/ui/" xmlns:xsi="http://www.w3.org/2001/XMLSchema-instance" xsi:schemaLocation="http://www.blizzard.com/wow/ui/
..\FrameXML\UI.xsd">
  <Script file="localization.lua"/>
  <Script file="CosmosSchedule.lua"/>
  <Frame name="CosmosSchedule" frameStrata="LOW" enableMouse="false" parent="UIParent" hidden="false">
    <Scripts>
      <OnLoad>
        CosmosSchedule_OnLoad();
      </OnLoad>
      <OnUpdate>
        CosmosSchedule_OnUpdate();
      </OnUpdate>
      <OnEvent>
        CosmosSchedule_OnEvent(event);
      </OnEvent>
    </Scripts>
  </Frame>
</Ui>
