<Bindings>
	<Binding name="RELOADUI" header="COSMOSKEYS"> <!-- Reload the User Interface -->
		ReloadUI();
	</Binding>
	<Binding name="TOGGLECOSMOSFEATURES" description="Toggle Cosmos Features Window" > <!-- Toggle the Cosmos Frame -->
		ToggleCosmosFeatureFrame();
	</Binding>
<!--  -  -  -  -  -  -  -  -  -  -  -  -  -  -  -  -  -  -  -  -  -  -  -  -  -  -  -  -  -  -  -  -  -  -->
<!--  -  -  -  -  -  -  -  -  -  -  -  -  -  -  -  -  -  -  -  -  -  -  -  -  -  -  -  -  -  -  -  -  -  -->
  <Binding name="INSTANTACTIONBAR1">
		if ( CURRENT_ACTIONBAR_PAGE ~= 1 ) then
			if (INSTANT_ACTIONBAR_RETURN == -1 ) then
				INSTANT_ACTIONBAR_RETURN = CURRENT_ACTIONBAR_PAGE;
			end
			CURRENT_ACTIONBAR_PAGE = 1;
			ChangeActionBarPage();
		end
	</Binding>
	<Binding name="INSTANTACTIONBAR2">
		if ( CURRENT_ACTIONBAR_PAGE ~= 2 ) then
			if (INSTANT_ACTIONBAR_RETURN == -1 ) then
				INSTANT_ACTIONBAR_RETURN = CURRENT_ACTIONBAR_PAGE;
			end
			CURRENT_ACTIONBAR_PAGE = 2;
			ChangeActionBarPage();
		end
	</Binding>
	<Binding name="INSTANTACTIONBAR3">
		if ( CURRENT_ACTIONBAR_PAGE ~= 3 ) then
			if (INSTANT_ACTIONBAR_RETURN == -1 ) then
				INSTANT_ACTIONBAR_RETURN = CURRENT_ACTIONBAR_PAGE;
			end
			CURRENT_ACTIONBAR_PAGE = 3;
			ChangeActionBarPage();
		end
	</Binding>
	<Binding name="INSTANTACTIONBAR4">
		if ( CURRENT_ACTIONBAR_PAGE ~= 4 ) then
			if (INSTANT_ACTIONBAR_RETURN == -1 ) then
				INSTANT_ACTIONBAR_RETURN = CURRENT_ACTIONBAR_PAGE;
			end
			CURRENT_ACTIONBAR_PAGE = 4;
			ChangeActionBarPage();
		end
	</Binding>
	<Binding name="INSTANTACTIONBAR5">
		if ( CURRENT_ACTIONBAR_PAGE ~= 5 ) then
			if (INSTANT_ACTIONBAR_RETURN == -1 ) then
				INSTANT_ACTIONBAR_RETURN = CURRENT_ACTIONBAR_PAGE;
			end
			CURRENT_ACTIONBAR_PAGE = 5;
			ChangeActionBarPage();
		end
	</Binding>
	<Binding name="INSTANTACTIONBAR6">
		if ( CURRENT_ACTIONBAR_PAGE ~= 6 ) then
			if (INSTANT_ACTIONBAR_RETURN == -1 ) then
				INSTANT_ACTIONBAR_RETURN = CURRENT_ACTIONBAR_PAGE;
			end
		CURRENT_ACTIONBAR_PAGE = 6;
				ChangeActionBarPage();
		end
	</Binding>
<!--  -  -  -  -  -  -  -  -  -  -  -  -  -  -  -  -  -  -  -  -  -  -  -  -  -  -  -  -  -  -  -  -  -  -->
	<Binding name="ACTIONBUTTON1ALT"  runOnUp="true">
            if ( keystate == "down" ) then
                    ActionButtonDown(13);
            else
                    ActionButtonUp(13);
            end
	</Binding>
    <Binding name="ACTIONBUTTON2ALT" runOnUp="true">
            if ( keystate == "down" ) then
                    ActionButtonDown(14);
            else
                    ActionButtonUp(14);
            end
    </Binding>
    <Binding name="ACTIONBUTTON3ALT" runOnUp="true">
            if ( keystate == "down" ) then
                    ActionButtonDown(15);
            else
                    ActionButtonUp(15);
            end
    </Binding>
    <Binding name="ACTIONBUTTON4ALT" runOnUp="true">
            if ( keystate == "down" ) then
                    ActionButtonDown(16);
            else
                    ActionButtonUp(16);
            end
    </Binding>
    <Binding name="ACTIONBUTTON5ALT" runOnUp="true">
            if ( keystate == "down" ) then
                    ActionButtonDown(17);
            else
                    ActionButtonUp(17);
            end
    </Binding>
    <Binding name="ACTIONBUTTON6ALT" runOnUp="true">
            if ( keystate == "down" ) then
                    ActionButtonDown(18);
            else
                    ActionButtonUp(18);
            end
    </Binding>
    <Binding name="ACTIONBUTTON7ALT" runOnUp="true">
            if ( keystate == "down" ) then
                    ActionButtonDown(19);
            else
                    ActionButtonUp(19);
            end
    </Binding>
    <Binding name="ACTIONBUTTON8ALT" runOnUp="true">
            if ( keystate == "down" ) then
                    ActionButtonDown(20);
            else
                    ActionButtonUp(20);
            end
    </Binding>
    <Binding name="ACTIONBUTTON9ALT" runOnUp="true">
            if ( keystate == "down" ) then
                    ActionButtonDown(21);
            else
                    ActionButtonUp(21);
            end
    </Binding>
    <Binding name="ACTIONBUTTON10ALT" runOnUp="true">
            if ( keystate == "down" ) then
                    ActionButtonDown(22);
            else
                    ActionButtonUp(22);
            end
    </Binding>
    <Binding name="ACTIONBUTTON11ALT" runOnUp="true">
            if ( keystate == "down" ) then
                    ActionButtonDown(23);
            else
                    ActionButtonUp(23);
            end
    </Binding>
    <Binding name="ACTIONBUTTON12ALT" runOnUp="true">
            if ( keystate == "down" ) then
                    ActionButtonDown(24);
            else
                    ActionButtonUp(24);
            end
    </Binding>
</Bindings>
