<!-- created by Evan Gridley -->
<Ui xmlns="http://www.blizzard.com/wow/ui/" xmlns:xsi="http://www.w3.org/2001/XMLSchema-instance" xsi:schemaLocation="http://www.blizzard.com/wow/ui/
..\FrameXML\UI.xsd">
    <Script file="ChooseItemsFrame.lua"/>
    <Frame name="ChooseItemsFrame" frameStrata="HIGH" parent="UIParent" hidden="true" enableMouse="true">
        <Size>
            <AbsDimension x="276" y="435"/>
        </Size>
        <Backdrop name="$parentBackdrop" bgFile="Interface\Tooltips\UI-Tooltip-Background" edgeFile="Interface\Tooltips\UI-Tooltip-Border" tile="true">
            <EdgeSize>
                <AbsValue val="16"/>
            </EdgeSize>
            <TileSize>
                <AbsValue val="16"/>
            </TileSize>
            <BackgroundInsets>
                <AbsInset left="5" right="5" top="5" bottom="5"/>
            </BackgroundInsets>
        </Backdrop>
        <Layers>
            <Layer level="ARTWORK">
                <FontString name="ChooseItemsFrameHeaderText" inherits="GameFontNormalSmall" justifyH="LEFT">
                    <Anchors>
                        <Anchor point="TOPLEFT">
                            <Offset>
                                <AbsDimension x="10" y="-10"/>
                            </Offset>
                        </Anchor>
                    </Anchors>
                </FontString>
                <FontString name="ChooseItemsFrameBodyText" inherits="GameFontNormalSmall" justifyH="LEFT">
                    <Anchors>
                        <Anchor point="TOPLEFT">
                            <Offset>
                                <AbsDimension x="10" y="-50"/>
                            </Offset>
                        </Anchor>
                    </Anchors>
                </FontString>
            </Layer>
        </Layers>
        <Frames>
            <CheckButton name="ChooseItemsFrameCheckbox1" inherits="OptionsCheckButtonTemplate">
                <Size>
                    <AbsDimension x="25" y="25"/>
                </Size>
                <Anchors>
                    <Anchor point="TOPLEFT">
                        <Offset>
                            <AbsDimension x="10" y="-30"/>
                        </Offset>
                    </Anchor>
                </Anchors>
                <Scripts>
                    <OnClick>
                        ChooseItemsFrameCheckbox_OnClick();
                    </OnClick>
                </Scripts>
            </CheckButton>
            <CheckButton name="ChooseItemsFrameCheckbox2" inherits="OptionsCheckButtonTemplate">
                <Size>
                    <AbsDimension x="25" y="25"/>
                </Size>
                <Anchors>
                    <Anchor point="TOPLEFT">
                        <Offset>
                            <AbsDimension x="137" y="-30"/>
                        </Offset>
                    </Anchor>
                </Anchors>
                <Scripts>
                    <OnClick>
                        ChooseItemsFrameCheckbox_OnClick();
                    </OnClick>
                </Scripts>
            </CheckButton>
            <CheckButton name="ChooseItemsFrameCheckbox3" inherits="OptionsCheckButtonTemplate">
                <Size>
                    <AbsDimension x="25" y="25"/>
                </Size>
                <Anchors>
                    <Anchor point="TOPLEFT">
                        <Offset>
                            <AbsDimension x="10" y="-50"/>
                        </Offset>
                    </Anchor>
                </Anchors>
                <Scripts>
                    <OnClick>
                        ChooseItemsFrameCheckbox_OnClick();
                    </OnClick>
                </Scripts>
            </CheckButton>
            <CheckButton name="ChooseItemsFrameCheckbox4" inherits="OptionsCheckButtonTemplate">
                <Size>
                    <AbsDimension x="25" y="25"/>
                </Size>
                <Anchors>
                    <Anchor point="TOPLEFT">
                        <Offset>
                            <AbsDimension x="137" y="-50"/>
                        </Offset>
                    </Anchor>
                </Anchors>
                <Scripts>
                    <OnClick>
                        ChooseItemsFrameCheckbox_OnClick();
                    </OnClick>
                </Scripts>
            </CheckButton>
            <CheckButton name="ChooseItemsFrameCheckbox5" inherits="OptionsCheckButtonTemplate">
                <Size>
                    <AbsDimension x="25" y="25"/>
                </Size>
                <Anchors>
                    <Anchor point="TOPLEFT">
                        <Offset>
                            <AbsDimension x="10" y="-70"/>
                        </Offset>
                    </Anchor>
                </Anchors>
                <Scripts>
                    <OnClick>
                        ChooseItemsFrameCheckbox_OnClick();
                    </OnClick>
                </Scripts>
            </CheckButton>
            <CheckButton name="ChooseItemsFrameCheckbox6" inherits="OptionsCheckButtonTemplate">
                <Size>
                    <AbsDimension x="25" y="25"/>
                </Size>
                <Anchors>
                    <Anchor point="TOPLEFT">
                        <Offset>
                            <AbsDimension x="137" y="-70"/>
                        </Offset>
                    </Anchor>
                </Anchors>
                <Scripts>
                    <OnClick>
                        ChooseItemsFrameCheckbox_OnClick();
                    </OnClick>
                </Scripts>
            </CheckButton>
            <CheckButton name="ChooseItemsFrameCheckbox7" inherits="OptionsCheckButtonTemplate">
                <Size>
                    <AbsDimension x="25" y="25"/>
                </Size>
                <Anchors>
                    <Anchor point="TOPLEFT">
                        <Offset>
                            <AbsDimension x="10" y="-90"/>
                        </Offset>
                    </Anchor>
                </Anchors>
                <Scripts>
                    <OnClick>
                        ChooseItemsFrameCheckbox_OnClick();
                    </OnClick>
                </Scripts>
            </CheckButton>
            <CheckButton name="ChooseItemsFrameCheckbox8" inherits="OptionsCheckButtonTemplate">
                <Size>
                    <AbsDimension x="25" y="25"/>
                </Size>
                <Anchors>
                    <Anchor point="TOPLEFT">
                        <Offset>
                            <AbsDimension x="137" y="-90"/>
                        </Offset>
                    </Anchor>
                </Anchors>
                <Scripts>
                    <OnClick>
                        ChooseItemsFrameCheckbox_OnClick();
                    </OnClick>
                </Scripts>
            </CheckButton>
            <CheckButton name="ChooseItemsFrameCheckbox9" inherits="OptionsCheckButtonTemplate">
                <Size>
                    <AbsDimension x="25" y="25"/>
                </Size>
                <Anchors>
                    <Anchor point="TOPLEFT">
                        <Offset>
                            <AbsDimension x="10" y="-110"/>
                        </Offset>
                    </Anchor>
                </Anchors>
                <Scripts>
                    <OnClick>
                        ChooseItemsFrameCheckbox_OnClick();
                    </OnClick>
                </Scripts>
            </CheckButton>
            <CheckButton name="ChooseItemsFrameCheckbox10" inherits="OptionsCheckButtonTemplate">
                <Size>
                    <AbsDimension x="25" y="25"/>
                </Size>
                <Anchors>
                    <Anchor point="TOPLEFT">
                        <Offset>
                            <AbsDimension x="137" y="-110"/>
                        </Offset>
                    </Anchor>
                </Anchors>
                <Scripts>
                    <OnClick>
                        ChooseItemsFrameCheckbox_OnClick();
                    </OnClick>
                </Scripts>
            </CheckButton>
            <CheckButton name="ChooseItemsFrameCheckbox11" inherits="OptionsCheckButtonTemplate">
                <Size>
                    <AbsDimension x="25" y="25"/>
                </Size>
                <Anchors>
                    <Anchor point="TOPLEFT">
                        <Offset>
                            <AbsDimension x="10" y="-130"/>
                        </Offset>
                    </Anchor>
                </Anchors>
                <Scripts>
                    <OnClick>
                        ChooseItemsFrameCheckbox_OnClick();
                    </OnClick>
                </Scripts>
            </CheckButton>
            <CheckButton name="ChooseItemsFrameCheckbox12" inherits="OptionsCheckButtonTemplate">
                <Size>
                    <AbsDimension x="25" y="25"/>
                </Size>
                <Anchors>
                    <Anchor point="TOPLEFT">
                        <Offset>
                            <AbsDimension x="137" y="-130"/>
                        </Offset>
                    </Anchor>
                </Anchors>
                <Scripts>
                    <OnClick>
                        ChooseItemsFrameCheckbox_OnClick();
                    </OnClick>
                </Scripts>
            </CheckButton>
            <CheckButton name="ChooseItemsFrameCheckbox13" inherits="OptionsCheckButtonTemplate">
                <Size>
                    <AbsDimension x="25" y="25"/>
                </Size>
                <Anchors>
                    <Anchor point="TOPLEFT">
                        <Offset>
                            <AbsDimension x="10" y="-150"/>
                        </Offset>
                    </Anchor>
                </Anchors>
                <Scripts>
                    <OnClick>
                        ChooseItemsFrameCheckbox_OnClick();
                    </OnClick>
                </Scripts>
            </CheckButton>
            <CheckButton name="ChooseItemsFrameCheckbox14" inherits="OptionsCheckButtonTemplate">
                <Size>
                    <AbsDimension x="25" y="25"/>
                </Size>
                <Anchors>
                    <Anchor point="TOPLEFT">
                        <Offset>
                            <AbsDimension x="137" y="-150"/>
                        </Offset>
                    </Anchor>
                </Anchors>
                <Scripts>
                    <OnClick>
                        ChooseItemsFrameCheckbox_OnClick();
                    </OnClick>
                </Scripts>
            </CheckButton>
            <CheckButton name="ChooseItemsFrameCheckbox15" inherits="OptionsCheckButtonTemplate">
                <Size>
                    <AbsDimension x="25" y="25"/>
                </Size>
                <Anchors>
                    <Anchor point="TOPLEFT">
                        <Offset>
                            <AbsDimension x="10" y="-170"/>
                        </Offset>
                    </Anchor>
                </Anchors>
                <Scripts>
                    <OnClick>
                        ChooseItemsFrameCheckbox_OnClick();
                    </OnClick>
                </Scripts>
            </CheckButton>
            <CheckButton name="ChooseItemsFrameCheckbox16" inherits="OptionsCheckButtonTemplate">
                <Size>
                    <AbsDimension x="25" y="25"/>
                </Size>
                <Anchors>
                    <Anchor point="TOPLEFT">
                        <Offset>
                            <AbsDimension x="137" y="-170"/>
                        </Offset>
                    </Anchor>
                </Anchors>
                <Scripts>
                    <OnClick>
                        ChooseItemsFrameCheckbox_OnClick();
                    </OnClick>
                </Scripts>
            </CheckButton>
            <CheckButton name="ChooseItemsFrameCheckbox17" inherits="OptionsCheckButtonTemplate">
                <Size>
                    <AbsDimension x="25" y="25"/>
                </Size>
                <Anchors>
                    <Anchor point="TOPLEFT">
                        <Offset>
                            <AbsDimension x="10" y="-190"/>
                        </Offset>
                    </Anchor>
                </Anchors>
                <Scripts>
                    <OnClick>
                        ChooseItemsFrameCheckbox_OnClick();
                    </OnClick>
                </Scripts>
            </CheckButton>
            <CheckButton name="ChooseItemsFrameCheckbox18" inherits="OptionsCheckButtonTemplate">
                <Size>
                    <AbsDimension x="25" y="25"/>
                </Size>
                <Anchors>
                    <Anchor point="TOPLEFT">
                        <Offset>
                            <AbsDimension x="137" y="-190"/>
                        </Offset>
                    </Anchor>
                </Anchors>
                <Scripts>
                    <OnClick>
                        ChooseItemsFrameCheckbox_OnClick();
                    </OnClick>
                </Scripts>
            </CheckButton>
            <CheckButton name="ChooseItemsFrameCheckbox19" inherits="OptionsCheckButtonTemplate">
                <Size>
                    <AbsDimension x="25" y="25"/>
                </Size>
                <Anchors>
                    <Anchor point="TOPLEFT">
                        <Offset>
                            <AbsDimension x="10" y="-210"/>
                        </Offset>
                    </Anchor>
                </Anchors>
                <Scripts>
                    <OnClick>
                        ChooseItemsFrameCheckbox_OnClick();
                    </OnClick>
                </Scripts>
            </CheckButton>
            <CheckButton name="ChooseItemsFrameCheckbox20" inherits="OptionsCheckButtonTemplate">
                <Size>
                    <AbsDimension x="25" y="25"/>
                </Size>
                <Anchors>
                    <Anchor point="TOPLEFT">
                        <Offset>
                            <AbsDimension x="137" y="-210"/>
                        </Offset>
                    </Anchor>
                </Anchors>
                <Scripts>
                    <OnClick>
                        ChooseItemsFrameCheckbox_OnClick();
                    </OnClick>
                </Scripts>
            </CheckButton>
            <CheckButton name="ChooseItemsFrameCheckbox21" inherits="OptionsCheckButtonTemplate">
                <Size>
                    <AbsDimension x="25" y="25"/>
                </Size>
                <Anchors>
                    <Anchor point="TOPLEFT">
                        <Offset>
                            <AbsDimension x="10" y="-230"/>
                        </Offset>
                    </Anchor>
                </Anchors>
                <Scripts>
                    <OnClick>
                        ChooseItemsFrameCheckbox_OnClick();
                    </OnClick>
                </Scripts>
            </CheckButton>
            <CheckButton name="ChooseItemsFrameCheckbox22" inherits="OptionsCheckButtonTemplate">
                <Size>
                    <AbsDimension x="25" y="25"/>
                </Size>
                <Anchors>
                    <Anchor point="TOPLEFT">
                        <Offset>
                            <AbsDimension x="137" y="-230"/>
                        </Offset>
                    </Anchor>
                </Anchors>
                <Scripts>
                    <OnClick>
                        ChooseItemsFrameCheckbox_OnClick();
                    </OnClick>
                </Scripts>
            </CheckButton>
            <CheckButton name="ChooseItemsFrameCheckbox23" inherits="OptionsCheckButtonTemplate">
                <Size>
                    <AbsDimension x="25" y="25"/>
                </Size>
                <Anchors>
                    <Anchor point="TOPLEFT">
                        <Offset>
                            <AbsDimension x="10" y="-250"/>
                        </Offset>
                    </Anchor>
                </Anchors>
                <Scripts>
                    <OnClick>
                        ChooseItemsFrameCheckbox_OnClick();
                    </OnClick>
                </Scripts>
            </CheckButton>
            <CheckButton name="ChooseItemsFrameCheckbox24" inherits="OptionsCheckButtonTemplate">
                <Size>
                    <AbsDimension x="25" y="25"/>
                </Size>
                <Anchors>
                    <Anchor point="TOPLEFT">
                        <Offset>
                            <AbsDimension x="137" y="-250"/>
                        </Offset>
                    </Anchor>
                </Anchors>
                <Scripts>
                    <OnClick>
                        ChooseItemsFrameCheckbox_OnClick();
                    </OnClick>
                </Scripts>
            </CheckButton>
            <CheckButton name="ChooseItemsFrameCheckbox25" inherits="OptionsCheckButtonTemplate">
                <Size>
                    <AbsDimension x="25" y="25"/>
                </Size>
                <Anchors>
                    <Anchor point="TOPLEFT">
                        <Offset>
                            <AbsDimension x="10" y="-270"/>
                        </Offset>
                    </Anchor>
                </Anchors>
                <Scripts>
                    <OnClick>
                        ChooseItemsFrameCheckbox_OnClick();
                    </OnClick>
                </Scripts>
            </CheckButton>
            <CheckButton name="ChooseItemsFrameCheckbox26" inherits="OptionsCheckButtonTemplate">
                <Size>
                    <AbsDimension x="25" y="25"/>
                </Size>
                <Anchors>
                    <Anchor point="TOPLEFT">
                        <Offset>
                            <AbsDimension x="137" y="-270"/>
                        </Offset>
                    </Anchor>
                </Anchors>
                <Scripts>
                    <OnClick>
                        ChooseItemsFrameCheckbox_OnClick();
                    </OnClick>
                </Scripts>
            </CheckButton>
            <CheckButton name="ChooseItemsFrameCheckbox27" inherits="OptionsCheckButtonTemplate">
                <Size>
                    <AbsDimension x="25" y="25"/>
                </Size>
                <Anchors>
                    <Anchor point="TOPLEFT">
                        <Offset>
                            <AbsDimension x="10" y="-290"/>
                        </Offset>
                    </Anchor>
                </Anchors>
                <Scripts>
                    <OnClick>
                        ChooseItemsFrameCheckbox_OnClick();
                    </OnClick>
                </Scripts>
            </CheckButton>
            <CheckButton name="ChooseItemsFrameCheckbox28" inherits="OptionsCheckButtonTemplate">
                <Size>
                    <AbsDimension x="25" y="25"/>
                </Size>
                <Anchors>
                    <Anchor point="TOPLEFT">
                        <Offset>
                            <AbsDimension x="137" y="-290"/>
                        </Offset>
                    </Anchor>
                </Anchors>
                <Scripts>
                    <OnClick>
                        ChooseItemsFrameCheckbox_OnClick();
                    </OnClick>
                </Scripts>
            </CheckButton>
            <CheckButton name="ChooseItemsFrameCheckbox29" inherits="OptionsCheckButtonTemplate">
                <Size>
                    <AbsDimension x="25" y="25"/>
                </Size>
                <Anchors>
                    <Anchor point="TOPLEFT">
                        <Offset>
                            <AbsDimension x="10" y="-310"/>
                        </Offset>
                    </Anchor>
                </Anchors>
                <Scripts>
                    <OnClick>
                        ChooseItemsFrameCheckbox_OnClick();
                    </OnClick>
                </Scripts>
            </CheckButton>
            <CheckButton name="ChooseItemsFrameCheckbox30" inherits="OptionsCheckButtonTemplate">
                <Size>
                    <AbsDimension x="25" y="25"/>
                </Size>
                <Anchors>
                    <Anchor point="TOPLEFT">
                        <Offset>
                            <AbsDimension x="137" y="-310"/>
                        </Offset>
                    </Anchor>
                </Anchors>
                <Scripts>
                    <OnClick>
                        ChooseItemsFrameCheckbox_OnClick();
                    </OnClick>
                </Scripts>
            </CheckButton>
            <CheckButton name="ChooseItemsFrameCheckbox31" inherits="OptionsCheckButtonTemplate">
                <Size>
                    <AbsDimension x="25" y="25"/>
                </Size>
                <Anchors>
                    <Anchor point="TOPLEFT">
                        <Offset>
                            <AbsDimension x="10" y="-330"/>
                        </Offset>
                    </Anchor>
                </Anchors>
                <Scripts>
                    <OnClick>
                        ChooseItemsFrameCheckbox_OnClick();
                    </OnClick>
                </Scripts>
            </CheckButton>
            <CheckButton name="ChooseItemsFrameCheckbox32" inherits="OptionsCheckButtonTemplate">
                <Size>
                    <AbsDimension x="25" y="25"/>
                </Size>
                <Anchors>
                    <Anchor point="TOPLEFT">
                        <Offset>
                            <AbsDimension x="137" y="-330"/>
                        </Offset>
                    </Anchor>
                </Anchors>
                <Scripts>
                    <OnClick>
                        ChooseItemsFrameCheckbox_OnClick();
                    </OnClick>
                </Scripts>
            </CheckButton>
            <CheckButton name="ChooseItemsFrameCheckbox33" inherits="OptionsCheckButtonTemplate">
                <Size>
                    <AbsDimension x="25" y="25"/>
                </Size>
                <Anchors>
                    <Anchor point="TOPLEFT">
                        <Offset>
                            <AbsDimension x="10" y="-350"/>
                        </Offset>
                    </Anchor>
                </Anchors>
                <Scripts>
                    <OnClick>
                        ChooseItemsFrameCheckbox_OnClick();
                    </OnClick>
                </Scripts>
            </CheckButton>
            <CheckButton name="ChooseItemsFrameCheckbox34" inherits="OptionsCheckButtonTemplate">
                <Size>
                    <AbsDimension x="25" y="25"/>
                </Size>
                <Anchors>
                    <Anchor point="TOPLEFT">
                        <Offset>
                            <AbsDimension x="137" y="-350"/>
                        </Offset>
                    </Anchor>
                </Anchors>
                <Scripts>
                    <OnClick>
                        ChooseItemsFrameCheckbox_OnClick();
                    </OnClick>
                </Scripts>
            </CheckButton>
            <CheckButton name="ChooseItemsFrameCheckbox35" inherits="OptionsCheckButtonTemplate">
                <Size>
                    <AbsDimension x="25" y="25"/>
                </Size>
                <Anchors>
                    <Anchor point="TOPLEFT">
                        <Offset>
                            <AbsDimension x="10" y="-370"/>
                        </Offset>
                    </Anchor>
                </Anchors>
                <Scripts>
                    <OnClick>
                        ChooseItemsFrameCheckbox_OnClick();
                    </OnClick>
                </Scripts>
            </CheckButton>
            <CheckButton name="ChooseItemsFrameCheckbox36" inherits="OptionsCheckButtonTemplate">
                <Size>
                    <AbsDimension x="25" y="25"/>
                </Size>
                <Anchors>
                    <Anchor point="TOPLEFT">
                        <Offset>
                            <AbsDimension x="137" y="-370"/>
                        </Offset>
                    </Anchor>
                </Anchors>
                <Scripts>
                    <OnClick>
                        ChooseItemsFrameCheckbox_OnClick();
                    </OnClick>
                </Scripts>
            </CheckButton>
            <Button name="ChooseItemsFrameOkayButton" inherits="UIPanelButtonTemplate" text="GLOBAL_OK_TAG_C">
                <Size>
                    <AbsDimension x="64" y="24"/>
                </Size>
                <Anchors>
                    <Anchor point="TOPLEFT">
                        <Offset>
                            <AbsDimension x="10" y="-400"/>
                        </Offset>
                    </Anchor>
                </Anchors>
                <Scripts>
                    <OnClick>
                        ChooseItemsFrameOkay_OnClick();
                    </OnClick>
                </Scripts>
            </Button>
            <Button name="ChooseItemsFrameCancelButton" inherits="UIPanelButtonTemplate" text="GLOBAL_CANCEL_TAG_C">
                <Size>
                    <AbsDimension x="64" y="24"/>
                </Size>
                <Anchors>
                    <Anchor point="LEFT" relativeTo="ChooseItemsFrameOkayButton" relativePoint="RIGHT">
                        <Offset>
                            <AbsDimension x="10"/>
                        </Offset>
                    </Anchor>
                </Anchors>
                <Scripts>
                    <OnClick>
                        ChooseItemsFrameCancel_OnClick();
                    </OnClick>
                </Scripts>
            </Button>
        </Frames>
        <Scripts>
            <OnLoad>
                this:SetBackdropColor(0.2, 0.2, 0.2);
            </OnLoad>
            <OnShow>
                this:Raise();
--              PlaySound("MONEYFRAMEOPEN");
            </OnShow>
            <OnHide>
                CoinPickupFrame_OnHide();
--              PlaySound("MONEYFRAMECLOSE");
            </OnHide>
            <OnClick>
                this:Raise();
            </OnClick>
        </Scripts>
    </Frame>
</Ui>
