<Ui xmlns="http://www.blizzard.com/wow/ui/" xmlns:xsi="http://www.w3.org/2001/XMLSchema-instance" xsi:schemaLocation="http://www.blizzard.com/wow/ui/ ..\FrameXML\UI.xsd">
<Frame name="CommonFrameTemplate" virtual="true">	
	<!-- Basic Graphics -->
	<HitRectInsets>
			<AbsInset left="0" right="35" top="0" bottom="75"/>
		</HitRectInsets>
	<Layers>
			<Layer level="BACKGROUND">
			<Texture name="$parentMainIcon" file="Interface\LootFrame\LootPanel-Icon.tga">
				<Size>
					<AbsDimension x="64" y="64"/>
				</Size>
				<Anchors>
					<Anchor point="TOPLEFT">
						<Offset>
							<AbsDimension x="4" y="-4"/>
						</Offset>
					</Anchor>
				</Anchors>
			</Texture>
				</Layer>
		<Layer level="ARTWORK">
			<Texture name="$parentTopLeft" file="Interface\ClassTrainerFrame\UI-ClassTrainer-TopLeft">
				<Size>
					<AbsDimension x="256" y="256"/>
				</Size>
				<Anchors>
					<Anchor point="TOPLEFT"/>
				</Anchors>
			</Texture>
			<Texture name="$parentTopRight" file="Interface\ClassTrainerFrame\UI-ClassTrainer-TopRight">
				<Size>
					<AbsDimension x="128" y="256"/>
				</Size>
				<Anchors>
					<Anchor point="TOPRIGHT"/>
				</Anchors>
			</Texture>
			<Texture name="$parentBotLeft" file="Interface\ClassTrainerFrame\UI-ClassTrainer-BotLeft">
				<Size>
					<AbsDimension x="256" y="256"/>
				</Size>
				<Anchors>
					<Anchor point="BOTTOMLEFT"/>
				</Anchors>
			</Texture>
			<Texture name="$parentBotRight" file="Interface\ClassTrainerFrame\UI-ClassTrainer-BotRight">
				<Size>
					<AbsDimension x="128" y="256"/>
				</Size>
				<Anchors>
					<Anchor point="BOTTOMRIGHT"/>
				</Anchors>
			</Texture>
			<FontString name="$parentTitleText" inherits="GameFontHighlight" text="SOME_TITLE">
				<Size>
					<AbsDimension x="300" y="14"/>
				</Size>
				<Anchors>
					<Anchor point="TOP" relativePoint="TOP">
						<Offset>
							<AbsDimension x="0" y="-16"/>
						</Offset>
					</Anchor>
				</Anchors>
			</FontString>
		</Layer>
	</Layers>
		<Frames>
			<Button name="$parentCloseButton" inherits="UIPanelCloseButton">
				<Anchors>
					<Anchor point="TOPRIGHT" relativeTo="$parent" relativePoint="TOPRIGHT">
						<Offset>
							<AbsDimension x="-30" y="-8"/>
						</Offset>
					</Anchor>
				</Anchors>
			</Button>
			<Button name="$parentExitButton" inherits="UIPanelButtonTemplate" text="GLOBAL_EXIT_TAG_C">
				<Size>
					<AbsDimension x="77" y="21"/>
				</Size>
				<Anchors>
					<Anchor point="BOTTOMRIGHT" relativeTo="$parent" relativePoint="BOTTOMRIGHT">
						<Offset>
							<AbsDimension x="-43" y="81"/>
						</Offset>
					</Anchor>
				</Anchors>
				<Scripts>
					<OnClick>
						HideUIPanel(this:GetParent());
					</OnClick>
				</Scripts>
			</Button>
			<Frame name="$parentVersion">
				<Size>
					<AbsDimension x="70" y="22"/>
				</Size>
				<Anchors>
					<Anchor point="CENTER" relativeTo="$parent" relativePoint="TOPLEFT">
						<Offset>
							<AbsDimension x="63" y="-420"/>
						</Offset>
					</Anchor>
				</Anchors>
				<Layers>
					<Layer level="BACKGROUND">
						<FontString name="$parentLabel" inherits="GameFontNormalSmall" justifyH="LEFT"/>
						<FontString name="$parentText" inherits="GameFontHighlightSmall" justifyH="RIGHT"/>
					</Layer>	
				</Layers>
			</Frame>
		</Frames>
	</Frame>
	<Button name="CommonTabButtonTemplate" virtual="true">
		<Size>
			<AbsDimension x="115" y="32"/>
		</Size>
		<Layers>
			<Layer level="BACKGROUND">
			<Texture name="$parentLeftDisabled" file="Interface\PaperDollInfoFrame\UI-Character-InActiveTab">
				<Size>
					<AbsDimension x="20" y="35"/>
				</Size>
				<Anchors>
					<Anchor point="TOPLEFT">
						<Offset>
							<AbsDimension x="0" y="3"/>
						</Offset>
					</Anchor>
				</Anchors>
				<TexCoords left="0" right="0.15625" top="1.0" bottom="0"/>
			</Texture>
			<Texture name="$parentMiddleDisabled" file="Interface\PaperDollInfoFrame\UI-Character-InActiveTab">
				<Size>
					<AbsDimension x="88" y="35"/>
				</Size>
				<Anchors>
					<Anchor point="LEFT" relativeTo="$parentLeftDisabled" relativePoint="RIGHT"/>
				</Anchors>
				<TexCoords left="0.15625" right="0.84375" top="1.0" bottom="0.0"/>
			</Texture>
			<Texture name="$parentRightDisabled" file="Interface\PaperDollInfoFrame\UI-Character-InActiveTab">
				<Size>
					<AbsDimension x="20" y="35"/>
				</Size>
				<Anchors>
					<Anchor point="LEFT" relativeTo="$parentMiddleDisabled" relativePoint="RIGHT"/>
				</Anchors>
				<TexCoords left="0.84375" right="1.0" top="1.0" bottom="0.0"/>
			</Texture>
			<Texture name="$parentLeft" file="Interface\PaperDollInfoFrame\UI-Character-InActiveTab">
				<Size>
					<AbsDimension x="20" y="32"/>
				</Size>
				<Anchors>
					<Anchor point="TOPLEFT"/>
				</Anchors>
				<TexCoords left="0" right="0.15625" top="1.0" bottom="0.0"/>
			</Texture>
			<Texture name="$parentMiddle" file="Interface\PaperDollInfoFrame\UI-Character-InActiveTab">
				<Size>
					<AbsDimension x="88" y="32"/>
				</Size>
				<Anchors>
					<Anchor point="LEFT" relativeTo="$parentLeft" relativePoint="RIGHT"/>
				</Anchors>
			<TexCoords left="0.15625" right="0.84375" top="1.0" bottom="0.0"/>
			</Texture>
			<Texture name="$parentRight" file="Interface\PaperDollInfoFrame\UI-Character-InActiveTab">
				<Size>
					<AbsDimension x="20" y="32"/>
				</Size>
				<Anchors>
					<Anchor point="LEFT" relativeTo="$parentMiddle" relativePoint="RIGHT"/>
				</Anchors>
				<TexCoords left="0.84375" right="1.0" top="1.0" bottom="0.0"/>
			</Texture>
			</Layer>
		</Layers>
		<NormalText name="$parentText" inherits="GameFontNormalSmall">
			<Anchors>
				<Anchor point="CENTER">
					<Offset>
						<AbsDimension x="0" y="0"/>
					</Offset>
				</Anchor>
			</Anchors>
		</NormalText>
		<HighlightText inherits="GameFontHighlightSmall">
			<Anchors>
				<Anchor point="CENTER">
					<Offset>
						<AbsDimension x="0" y="0"/>
					</Offset>
				</Anchor>
			</Anchors>
		</HighlightText>
		<DisabledText inherits="GameFontHighlightSmall">
			<Anchors>
				<Anchor point="CENTER">
					<Offset>
						<AbsDimension x="0" y="0"/>
					</Offset>
				</Anchor>
			</Anchors>
		</DisabledText>
		<HighlightTexture name="$parentHighlightTexture" file="Interface\PaperDollInfoFrame\UI-Character-Tab-Highlight" alphaMode="ADD">
			<Size>
				<AbsDimension x="5" y="32"/>
			</Size>
			<TexCoords left="0.0" right="1.0" top="1.0" bottom="0.0"/>
			<Anchors>
				<Anchor point="CENTER">
					<Offset>
							<AbsDimension x="0" y="0"/>
					</Offset>
				</Anchor>
			</Anchors>
		</HighlightTexture>
	</Button>
</Ui>
