<Ui xmlns="http://www.blizzard.com/wow/ui/" xmlns:xsi="http://www.w3.org/2001/XMLSchema-instance"
	xsi:schemaLocation="http://www.blizzard.com/wow/ui/ ..\FrameXML\UI.xsd">
	<!-- Internationalized Text File -->
	<Script file="localization.lua"/>	
	
	<Include file="CosmosButton.xml"/>
	<Script file="CosmosCommonFunctions.lua"/>
	<Script file="CosmosCVar.lua"/>
	<Script file="CosmosGuiConfig.lua"/>
	
	<!-- Main Script File -->
	<Script file="CosmosMaster.lua" />
	
	<!-- Graphical Templates used -->
	
	<Include file="CosmosTooltip.xml" />
	
	<Button name="CosmosSectionButtonTemplate" virtual="true">
		<Size>
			<AbsDimension x="132" y="20"/>
		</Size>
		<Scripts>
			<OnClick>
				CosmosMaster_Section_OnClick(this:GetID());
			</OnClick>
			<OnEnter>
				CosmosMaster_SetSectionInfo(this:GetID());
			</OnEnter>
		</Scripts>
		<NormalTexture name="$parentNormalTexture" file="Interface\AuctionFrame\UI-AuctionFrame-FilterBg">
			<TexCoords left="0" right="0.53125" top="0" bottom="0.625"/>
		</NormalTexture>
		<HighlightTexture file="Interface\PaperDollInfoFrame\UI-Character-Tab-Highlight" alphaMode="ADD"/>
		<NormalText name="$parentNormalText" inherits="GameFontNormalSmall" justifyH="LEFT">
			<Anchors>
				<Anchor point="LEFT">
					<Offset>
						<AbsDimension x="4" y="0"/>
					</Offset>
				</Anchor>
			</Anchors>
		</NormalText>
		<HighlightText name="$parentHighlightText" inherits="GameFontHighlightSmall" justifyH="LEFT">
			<Anchors>
				<Anchor point="LEFT">
					<Offset>
						<AbsDimension x="4" y="0"/>
					</Offset>
				</Anchor>
			</Anchors>
		</HighlightText>
	</Button>
	
	<Frame name="CosmosMasterTextSubFrameTemplate" movable="false" virtual="true">
		<Anchors>
			<Anchor point="CENTER" relativePoint="CENTER">
				<Offset>
					<AbsDimension x="-70" y="0" />
				</Offset>
			</Anchor>
		</Anchors>
		<Size>
			<AbsDimension x="215" y="32" />
		</Size>
		<Layers>
			<Layer level="BACKGROUND">
				<Texture name="$parentBackground" setAllPoints="true">
					<Color r="0" g="1" b="0" a="0.0" />
				</Texture>
			</Layer>
			<Layer level="ARTWORK">
				<FontString name="$parentText" inherits="GameFontNormalSmall" text="">
					<Anchors>
						<Anchor point="LEFT">
							<Offset>
								<AbsDimension x="4" y="0" />
							</Offset>
						</Anchor>
					</Anchors>
				</FontString>
			</Layer>
		</Layers>
	</Frame>
	
	<CheckButton name="CosmosMasterCheckButtonTemplate" hidden="false" virtual="true">
		<Anchors>
			<Anchor point="LEFT">
				<Offset>
					<AbsDimension x="0" y="0" />
				</Offset>
			</Anchor>
		</Anchors>
		<Size>
			<AbsDimension x="32" y="32" />
		</Size>
		<Layers>
			<Layer level="BACKGROUND">
				<Texture name="$parentCheckbuttonBackground" setAllPoints="true">
					<Color r="0" g="0" b="1" a="0.0" />
				</Texture>
			</Layer>
		</Layers>
		<NormalTexture file="Interface\Buttons\UI-CheckBox-Up" />
		<PushedTexture file="Interface\Buttons\UI-CheckBox-Down" />
		<HighlightTexture file="Interface\Buttons\UI-CheckBox-Highlight" alphaMode="ADD" />
		<CheckedTexture file="Interface\Buttons\UI-CheckBox-Check" />
		<CheckedDisabledTexture file="Interface\Buttons\UI-CheckBox-Check-Disabled" />
		<DisabledTexture file="Interface\Buttons\UI-CheckBox-Check-Disabled" />
	</CheckButton>	
	<Button name="CosmosMasterButtonTemplate" inherits="GameMenuButtonTemplate" virtual="true">
		<Size>
			<AbsDimension x="128" y="20" />
		</Size>
		<Anchors>
			<Anchor point="BOTTOMLEFT" relativePoint="BOTTOM">
				<Offset>
					<AbsDimension x="13" y="7" />
				</Offset>
			</Anchor>
		</Anchors>
		<Scripts>
			<OnLoad>
				this:SetText("EMPTY");
			</OnLoad>
			<OnClick>
				CosmosMaster_Button(this:GetParent():GetID());
			</OnClick>
		</Scripts>
	</Button>
	<Slider name="CosmosMasterSliderTemplate" orientation="HORIZONTAL" virtual="true">
		<Size>
			<AbsDimension x="128" y="17" />
		</Size>
		<Backdrop bgFile="Interface\Buttons\UI-SliderBar-Background" edgeFile="Interface\Buttons\UI-SliderBar-Border"
			tile="true">
			<EdgeSize>
				<AbsValue val="8" />
			</EdgeSize>
			<TileSize>
				<AbsValue val="8" />
			</TileSize>
			<BackgroundInsets>
				<AbsInset left="3" right="3" top="6" bottom="6" />
			</BackgroundInsets>
		</Backdrop>
		<Layers>
			<Layer level="BACKGROUND">
				<Texture name="$parentSliderBackground" setAllPoints="true">
					<Color r="0" g="1" b="1" a="0.0" />
				</Texture>
			</Layer>
			<Layer level="ARTWORK">
				<FontString name="$parentText" inherits="GameFontNormalSmall">
					<Anchors>
						<Anchor point="BOTTOM" relativePoint="TOP" />
					</Anchors>
				</FontString>
				<FontString name="$parentValueText" inherits="GameFontNormalSmall">
					<Color r=".4" g=".6" b="1" a="1" />
					<Anchors>
						<Anchor point="BOTTOM" relativePoint="BOTTOM">
							<Offset>
								<AbsDimension x="2" y="-6" />
							</Offset>
						</Anchor>
					</Anchors>
				</FontString>
				<FontString inherits="GameFontHighlightSmall" text="LOW">
					<Anchors>
						<Anchor point="TOPLEFT" relativePoint="BOTTOMLEFT">
							<Offset>
								<AbsDimension x="2" y="3" />
							</Offset>
						</Anchor>
					</Anchors>
				</FontString>
				<FontString inherits="GameFontHighlightSmall" text="HIGH">
					<Anchors>
						<Anchor point="TOPRIGHT" relativePoint="BOTTOMRIGHT">
							<Offset>
								<AbsDimension x="-2" y="3" />
							</Offset>
						</Anchor>
					</Anchors>
				</FontString>
			</Layer>
		</Layers>
		<ThumbTexture file="Interface\Buttons\UI-SliderBar-Button-Horizontal">
			<Size>
				<AbsDimension x="32" y="32" />
			</Size>
		</ThumbTexture>
	</Slider>
	<Frame name="CosmosMasterDividerTemplate" hidden="false" virtual="true">
		<Size>
			<AbsDimension x="524" y="19" />
		</Size>
		<Layers>
			<Layer level="BACKGROUND">
				<Texture name="$parentLeft" file="Interface\HelpFrame\HelpFrameDivider">
					<Size>
						<AbsDimension x="134" y="20" />
					</Size>
					<Anchors>
						<Anchor point="TOPLEFT" />
					</Anchors>
					<TexCoords left="0" right="1.0" top="0" bottom="0.3125" />
				</Texture>
				<Texture name="$parentMiddle" file="Interface\HelpFrame\HelpFrameDivider">
					<Size>
						<AbsDimension x="304" y="20" />
					</Size>
					<Anchors>
						<Anchor point="LEFT" relativeTo="$parentLeft" relativePoint="RIGHT">
							<Offset>
								<AbsDimension x="0" y="1" />
							</Offset>
						</Anchor>
					</Anchors>
					<TexCoords left="0" right="1.0" top="0.3125" bottom="0.625" />
				</Texture>
				<Texture name="$parentRight" file="Interface\HelpFrame\HelpFrameDivider">
					<Size>
						<AbsDimension x="101" y="20" />
					</Size>
					<Anchors>
						<Anchor point="LEFT" relativeTo="$parentMiddle" relativePoint="RIGHT" />
					</Anchors>
					<TexCoords left="0" right="0.25390625" top="0.625" bottom="0.9375" />
				</Texture>
			</Layer>
		</Layers>
	</Frame>
	<Frame name="CosmosMasterSeparatorTemplate" hidden="false" virtual="true">
		<Size>
			<AbsDimension x="280" y="32" />
		</Size>
		<Layers>
			<Layer level="ARTWORK">
				<FontString name="$parentText" inherits="GameFontNormalSmall" text="">
					<Anchors>
						<Anchor point="CENTER">
							<Offset>
								<AbsDimension x="0" y="2" />
							</Offset>
						</Anchor>
					</Anchors>
					<Color r="1.0" g="0.5" b="0.2" a="1.0" />
				</FontString>
			</Layer>
			<Layer level="BACKGROUND">
				<Texture name="$parentSeparatorBackground" file="Interface\Tooltips\UI-StatusBar-Border"></Texture>
			</Layer>
		</Layers>
	</Frame>
	<Frame name="CosmosMasterConfigurationTemplate" hidden="false" virtual="true">
		<Size>
			<AbsDimension x="200" y="32" />
		</Size>
		<Frames>
			<Frame name="$parentFrame" inherits="CosmosMasterTextSubFrameTemplate"/>
			<CheckButton name="$parentCheckbox" inherits="CosmosMasterCheckButtonTemplate">
			<Anchors>
				<Anchor point="LEFT" relativePoint="LEFT">
					<Offset>
						<AbsDimension x="-100" y="0" />
					</Offset>
				</Anchor>
			</Anchors>
			<Scripts>
				<OnClick>
				if (not CosmosMasterFrame_IsLoading) then
					if ( this:GetChecked() ) then
							CosmosMaster_CheckBox(this:GetParent():GetID(), 1.0);
						else
							CosmosMaster_CheckBox(this:GetParent():GetID(), 0.0);
						end	
					end
				</OnClick>
			<OnEnter>
				CosmosMaster_SetInfo(this:GetParent():GetID());
			</OnEnter>
			<OnLeave>
				--CosmosMaster_ClearInfo();
			</OnLeave>
				</Scripts>
			</CheckButton>
			<Frame name="$parentSeparator" movable="false" inherits="CosmosMasterSeparatorTemplate">
				<Anchors>
					<Anchor point="TOP">
						<Offset>
							<AbsDimension x="-12" y="0" />
						</Offset>
					</Anchor>
				</Anchors>
				<Scripts>
					<OnEnter>
						CosmosMaster_SetInfo(this:GetParent():GetID());
					</OnEnter>
				</Scripts>				
			</Frame>

			<Button name="$parentButton" inherits="CosmosMasterButtonTemplate">
				<!--<Anchors>
					<Anchor point="CENTER">
						<Offset>
							<AbsDimension x="70" y="1" />
						</Offset>
					</Anchor>
				</Anchors>-->
				<Scripts>
					<OnClick>
						PlaySound("igMainMenuOption");
						CosmosMaster_Button(this:GetParent():GetID());
					</OnClick>
				</Scripts>
			</Button>
			<Slider name="$parentSlider" inherits="CosmosMasterSliderTemplate">
				<Anchors>
					<Anchor point="TOPRIGHT">
						<Offset>
							<AbsDimension x="40" y="-8" />
						</Offset>
					</Anchor>
				</Anchors>
				<Scripts>
					<OnValueChanged>
						if (not CosmosMasterFrame_IsLoading) then
						CosmosMaster_Slider(this:GetParent():GetID(), arg1);
						end
					</OnValueChanged>
					<OnEnter>
						CosmosMaster_SetInfo(this:GetParent():GetID());
					</OnEnter>
					<OnLeave>
						--CosmosMaster_ClearInfo();
					</OnLeave>
				</Scripts>
			</Slider>
		</Frames>
	</Frame>
	<!-- Frame Definition  -->

	<Frame name="CosmosMasterFrame" hidden="true" toplevel="true" frameStrata="DIALOG" movable="true" enableMouse="true" parent="UIParent">
		<Size>
			<AbsDimension x="550" y="480" />
		</Size>
		<Anchors>
			<Anchor point="CENTER" />
		</Anchors>
		<Backdrop bgFile="Interface\DialogFrame\UI-DialogBox-Background" edgeFile="Interface\DialogFrame\UI-DialogBox-Border"
			tile="true">
			<BackgroundInsets>
				<AbsInset left="11" right="12" top="12" bottom="11" />	
				<Size>
					<AbsDimension x="128" y="17" />
				</Size>
			</BackgroundInsets>
			<TileSize>
				<AbsValue val="32" />
			</TileSize>
			<EdgeSize>
				<AbsValue val="32" />
			</EdgeSize>
		</Backdrop>
		<Layers>
			<Layer level="ARTWORK">
				<Texture name="CosmosMasterOptionsFrameHeader" file="Interface\DialogFrame\UI-DialogBox-Header">
					<Size>
						<AbsDimension x="256" y="64" />
					</Size>
					<Anchors>
						<Anchor point="TOP">
							<Offset>
								<AbsDimension x="0" y="12" />
							</Offset>
						</Anchor>
					</Anchors>
				</Texture>
				<FontString inherits="GameFontNormal" text="Cosmos">
					<Anchors>
						<Anchor point="TOP" relativeTo="OptionsFrameHeader">
							<Offset>
								<AbsDimension x="0" y="-80" />
							</Offset>
						</Anchor>
					</Anchors>
				</FontString>
			</Layer>
		</Layers>
		<!-- Cosmos Master Controls-->
		<Frames>
			<ScrollFrame name="CosmosMasterSectionScrollFrame" inherits="FauxScrollFrameTemplate">
				<Size>
					<AbsDimension x="125" y="360" />
				</Size>
				<Anchors>
					<Anchor point="TOPLEFT" relativeTo="CosmosMasterFrame">
						<Offset>
							<AbsDimension x="16" y="-16" />
						</Offset>
					</Anchor>
				</Anchors>
				<Layers>
					<Layer level="ARTWORK">
						<Texture name="$parentScrollBarTop" file="Interface\PaperDollInfoFrame\UI-Character-ScrollBar">
							<Size>
								<AbsDimension x="31" y="288" />
							</Size>
							<Anchors>
								<Anchor point="TOP" relativeTo="$parentScrollBarScrollUpButton">
									<Offset>
										<AbsDimension x="0" y="5" />
									</Offset>
								</Anchor>
							</Anchors>
							<TexCoords left="0" right="0.484375" top="0" bottom="1.0" />
						</Texture>
						<Texture file="Interface\PaperDollInfoFrame\UI-Character-ScrollBar">
							<Size>
								<AbsDimension x="31" y="128" />
							</Size>
							<Anchors>
								<Anchor point="BOTTOM" relativeTo="$parentScrollBarScrollDownButton">
									<Offset>
										<AbsDimension x="0" y="-2" />
									</Offset>
								</Anchor>
							</Anchors>
							<TexCoords left="0.515625" right="1.0" top="0" bottom="0.4140625" />
						</Texture>
					</Layer>
				</Layers>
				<Scripts>
					<OnVerticalScroll>
							FauxScrollFrame_OnVerticalScroll(32, CosmosMaster_Update);
					</OnVerticalScroll>
				</Scripts>
			</ScrollFrame>

			<Button name="CosmosSection1" inherits="CosmosSectionButtonTemplate" id="1">
				<Anchors>
					<Anchor point="TOPLEFT" relativePoint="TOPLEFT">
						<Offset>
							<AbsDimension x="10" y="-15"/>
						</Offset>
					</Anchor>
				</Anchors>
			</Button>
			<Button name="CosmosSection2" inherits="CosmosSectionButtonTemplate" id="2">
				<Anchors>
					<Anchor point="TOPLEFT" relativePoint="BOTTOMLEFT" relativeTo="CosmosSection1">
						<Offset>
							<AbsDimension x="0" y="0"/>
						</Offset>
					</Anchor>
				</Anchors>
			</Button>
			<Button name="CosmosSection3" inherits="CosmosSectionButtonTemplate" id="3">
				<Anchors>
					<Anchor point="TOPLEFT" relativePoint="BOTTOMLEFT" relativeTo="CosmosSection2">
						<Offset>
							<AbsDimension x="0" y="0"/>
						</Offset>
					</Anchor>
				</Anchors>
			</Button>
			<Button name="CosmosSection4" inherits="CosmosSectionButtonTemplate" id="4">
				<Anchors>
					<Anchor point="TOPLEFT" relativePoint="BOTTOMLEFT" relativeTo="CosmosSection3">
						<Offset>
							<AbsDimension x="0" y="0"/>
						</Offset>
					</Anchor>
				</Anchors>
			</Button>
			<Button name="CosmosSection5" inherits="CosmosSectionButtonTemplate" id="5">
				<Anchors>
					<Anchor point="TOPLEFT" relativePoint="BOTTOMLEFT" relativeTo="CosmosSection4">
						<Offset>
							<AbsDimension x="0" y="0"/>
						</Offset>
					</Anchor>
				</Anchors>
			</Button>
			<Button name="CosmosSection6" inherits="CosmosSectionButtonTemplate" id="6">
				<Anchors>
					<Anchor point="TOPLEFT" relativePoint="BOTTOMLEFT" relativeTo="CosmosSection5">
						<Offset>
							<AbsDimension x="0" y="0"/>
						</Offset>
					</Anchor>
				</Anchors>
			</Button>
			<Button name="CosmosSection7" inherits="CosmosSectionButtonTemplate" id="7">
				<Anchors>
					<Anchor point="TOPLEFT" relativePoint="BOTTOMLEFT" relativeTo="CosmosSection6">
						<Offset>
							<AbsDimension x="0" y="0"/>
						</Offset>
					</Anchor>
				</Anchors>
			</Button>
			<Button name="CosmosSection8" inherits="CosmosSectionButtonTemplate" id="8">
				<Anchors>
					<Anchor point="TOPLEFT" relativePoint="BOTTOMLEFT" relativeTo="CosmosSection7">
						<Offset>
							<AbsDimension x="0" y="0"/>
						</Offset>
					</Anchor>
				</Anchors>
			</Button>
			<Button name="CosmosSection9" inherits="CosmosSectionButtonTemplate" id="9">
				<Anchors>
					<Anchor point="TOPLEFT" relativePoint="BOTTOMLEFT" relativeTo="CosmosSection8">
						<Offset>
							<AbsDimension x="0" y="0"/>
						</Offset>
					</Anchor>
				</Anchors>
			</Button>
			<Button name="CosmosSection10" inherits="CosmosSectionButtonTemplate" id="10">
				<Anchors>
					<Anchor point="TOPLEFT" relativePoint="BOTTOMLEFT" relativeTo="CosmosSection9">
						<Offset>
							<AbsDimension x="0" y="0"/>
						</Offset>
					</Anchor>
				</Anchors>
			</Button>
			<Button name="CosmosSection11" inherits="CosmosSectionButtonTemplate" id="11">
				<Anchors>
					<Anchor point="TOPLEFT" relativePoint="BOTTOMLEFT" relativeTo="CosmosSection10">
						<Offset>
							<AbsDimension x="0" y="0"/>
						</Offset>
					</Anchor>
				</Anchors>
			</Button>
			<Button name="CosmosSection12" inherits="CosmosSectionButtonTemplate" id="12">
				<Anchors>
					<Anchor point="TOPLEFT" relativePoint="BOTTOMLEFT" relativeTo="CosmosSection11">
						<Offset>
							<AbsDimension x="0" y="0"/>
						</Offset>
					</Anchor>
				</Anchors>
			</Button>
			<Button name="CosmosSection13" inherits="CosmosSectionButtonTemplate" id="13">
				<Anchors>
					<Anchor point="TOPLEFT" relativePoint="BOTTOMLEFT" relativeTo="CosmosSection12">
						<Offset>
							<AbsDimension x="0" y="0"/>
						</Offset>
					</Anchor>
				</Anchors>
			</Button>
			<Button name="CosmosSection14" inherits="CosmosSectionButtonTemplate" id="14">
				<Anchors>
					<Anchor point="TOPLEFT" relativePoint="BOTTOMLEFT" relativeTo="CosmosSection13">
						<Offset>
							<AbsDimension x="0" y="0"/>
						</Offset>
					</Anchor>
				</Anchors>
			</Button>
			<Button name="CosmosSection15" inherits="CosmosSectionButtonTemplate" id="15">
				<Anchors>
					<Anchor point="TOPLEFT" relativePoint="BOTTOMLEFT" relativeTo="CosmosSection14">
						<Offset>
							<AbsDimension x="0" y="0"/>
						</Offset>
					</Anchor>
				</Anchors>
			</Button>
			<Button name="CosmosSection16" inherits="CosmosSectionButtonTemplate" id="16">
				<Anchors>
					<Anchor point="TOPLEFT" relativePoint="BOTTOMLEFT" relativeTo="CosmosSection15">
						<Offset>
							<AbsDimension x="0" y="0"/>
						</Offset>
					</Anchor>
				</Anchors>
			</Button>
			<Button name="CosmosSection17" inherits="CosmosSectionButtonTemplate" id="17">
				<Anchors>
					<Anchor point="TOPLEFT" relativePoint="BOTTOMLEFT" relativeTo="CosmosSection16">
						<Offset>
							<AbsDimension x="0" y="0"/>
						</Offset>
					</Anchor>
				</Anchors>
			</Button>
			<Button name="CosmosSection18" inherits="CosmosSectionButtonTemplate" id="18">
				<Anchors>
					<Anchor point="TOPLEFT" relativePoint="BOTTOMLEFT" relativeTo="CosmosSection17">
						<Offset>
							<AbsDimension x="0" y="0"/>
						</Offset>
					</Anchor>
				</Anchors>
			</Button>
			
			<Frame name="Cosmos1" inherits="CosmosMasterConfigurationTemplate" id="1">
				<Anchors>
					<Anchor point="CENTER" relativePoint="TOP">
						<Offset>
							<AbsDimension x="94" y="-48" />
						</Offset>
					</Anchor>
				</Anchors>
			</Frame>
			<Frame name="Cosmos2" inherits="CosmosMasterConfigurationTemplate" id="2">
				<Anchors>
					<Anchor point="TOP" relativeTo="Cosmos1" relativePoint="BOTTOM">
						<Offset>
							<AbsDimension x="0" y="-2" />
						</Offset>
					</Anchor>
				</Anchors>
			</Frame>
			<Frame name="Cosmos3" inherits="CosmosMasterConfigurationTemplate" id="3">
				<Anchors>
					<Anchor point="TOP" relativeTo="Cosmos2" relativePoint="BOTTOM">
						<Offset>
							<AbsDimension x="0" y="-2" />
						</Offset>
					</Anchor>
				</Anchors>
			</Frame>
			<Frame name="Cosmos4" inherits="CosmosMasterConfigurationTemplate" id="4">
				<Anchors>
					<Anchor point="TOP" relativeTo="Cosmos3" relativePoint="BOTTOM">
						<Offset>
							<AbsDimension x="0" y="-2" />
						</Offset>
						<Size>
							<AbsDimension x="128" y="17" />
						</Size>
					</Anchor>
				</Anchors>
			</Frame>
			<Frame name="Cosmos5" inherits="CosmosMasterConfigurationTemplate" id="5">
				<Anchors>
					<Anchor point="TOP" relativeTo="Cosmos4" relativePoint="BOTTOM">
						<Offset>
							<AbsDimension x="0" y="-2" />
						</Offset>
					</Anchor>
				</Anchors>
			</Frame>
			<Frame name="Cosmos6" inherits="CosmosMasterConfigurationTemplate" id="6">
				<Anchors>
					<Anchor point="TOP" relativeTo="Cosmos5" relativePoint="BOTTOM">
						<Offset>
							<AbsDimension x="0" y="-2" />
						</Offset>
					</Anchor>
				</Anchors>
			</Frame>
			<Frame name="Cosmos7" inherits="CosmosMasterConfigurationTemplate" id="7">
				<Anchors>
					<Anchor point="TOP" relativeTo="Cosmos6" relativePoint="BOTTOM">
						<Offset>
							<AbsDimension x="0" y="-2" />
						</Offset>
					</Anchor>
				</Anchors>
			</Frame>
			<Frame name="Cosmos8" inherits="CosmosMasterConfigurationTemplate" id="8">
				<Anchors>
					<Anchor point="TOP" relativeTo="Cosmos7" relativePoint="BOTTOM">
						<Offset>
							<AbsDimension x="0" y="-2" />
						</Offset>
					</Anchor>
				</Anchors>
			</Frame>
			<Frame name="Cosmos9" inherits="CosmosMasterConfigurationTemplate" id="9">
				<Anchors>
					<Anchor point="TOP" relativeTo="Cosmos8" relativePoint="BOTTOM">
						<Offset>
							<AbsDimension x="0" y="-2" />
						</Offset>
					</Anchor>
				</Anchors>
			</Frame>
			<Frame name="Cosmos10" inherits="CosmosMasterConfigurationTemplate" id="10">
				<Anchors>
					<Anchor point="TOP" relativeTo="Cosmos9" relativePoint="BOTTOM">
						<Offset>
							<AbsDimension x="0" y="-2" />
						</Offset>
					</Anchor>
				</Anchors>
			</Frame>

		<!-- Divider -->
			<Frame name="CosmosMasterMainDivider" inherits="CosmosMasterDividerTemplate">
				<Anchors>
					<Anchor point="TOPLEFT">
						<Offset>
							<AbsDimension x="6" y="-372" />
						</Offset>
					</Anchor>
				</Anchors>
			</Frame>
			<ScrollingMessageFrame name="CosmosMasterTextbox" ignoreArrows="true" maxLines="4" historyLines="0" fade="true"
				displayDuration="3" fadeDuration="3" letters="256" hidden="false">
				<Size>
					<AbsDimension x="450" y="50" />
				</Size>
				<Anchors>
					<Anchor point="BOTTOMLEFT">
						<Offset>
							<AbsDimension x="48" y="48" />
						</Offset>
					</Anchor>
				</Anchors>
				<Layers>
					<Layer level="BACKGROUND">
						<Texture name="CosmosMasterTextboxBackground" setAllPoints="true">
							<Color r="0" g="0" b="0" a="0.0" />
						</Texture>
					</Layer>
					<Layer level="ARTWORK">
						<FontString name="CosmosMasterTextboxHeader" inherits="GameFontNormal">
							<Anchors>
								<Anchor point="TOP">
									<Offset>
										<AbsDimension x="13" y="0" />
									</Offset>
								</Anchor>
							</Anchors>
						</FontString>
					</Layer>
				</Layers>
				<FontString inherits="GameFontNormal"></FontString>
			</ScrollingMessageFrame>
			<Frame name="CosmosMasterSubDivider" inherits="CosmosMasterDividerTemplate">
				<Anchors>
					<Anchor point="BOTTOMLEFT">
						<Offset>
							<AbsDimension x="6" y="32" />
						</Offset>
					</Anchor>
				</Anchors>
			</Frame>
		<!-- Okay and Cancel -->
			<Button name="CosmosMasterFrameOkay" inherits="GameMenuButtonTemplate">
				<Anchors>
					<Anchor point="BOTTOMRIGHT" relativePoint="BOTTOM">
						<Offset>
							<AbsDimension x="0" y="14" />
						</Offset>
					</Anchor>
				</Anchors>
				<Scripts>
					<OnLoad>
						this:SetText(OKAY);
					</OnLoad>
					<OnClick>
						CosmosMaster_OnOkayClick();
					</OnClick>
				</Scripts>
			</Button>
			<Button name="CosmosMasterFrameCancel" inherits="GameMenuButtonTemplate" text="CANCEL">
				<Anchors>
					<Anchor point="BOTTOMLEFT" relativePoint="BOTTOM">
						<Offset>
							<AbsDimension x="0" y="14" />
						</Offset>
					</Anchor>
				</Anchors>
				<Scripts>
					<OnClick>
						CosmosMaster_Reset();
						PlaySound("gsTitleOptionExit");
						HideUIPanel(CosmosMasterFrame);
					</OnClick>
				</Scripts>
			</Button>
			
		<!-- Scrollbar -->
		
			<ScrollFrame name="CosmosMasterScrollFrame" inherits="FauxScrollFrameTemplate">
				<Size>
					<AbsDimension x="296" y="360" />
				</Size>
				<Anchors>
					<Anchor point="TOPRIGHT" relativeTo="CosmosMasterFrame">
						<Offset>
							<AbsDimension x="-40" y="-16" />
						</Offset>
					</Anchor>
				</Anchors>
				<Layers>
					<Layer level="ARTWORK">
						<Texture name="$parentScrollBarTop" file="Interface\PaperDollInfoFrame\UI-Character-ScrollBar">
							<Size>
								<AbsDimension x="31" y="288" />
							</Size>
							<Anchors>
								<Anchor point="TOP" relativeTo="$parentScrollBarScrollUpButton">
									<Offset>
										<AbsDimension x="0" y="5" />
									</Offset>
								</Anchor>
							</Anchors>
							<TexCoords left="0" right="0.484375" top="0" bottom="1.0" />
						</Texture>
						<Texture file="Interface\PaperDollInfoFrame\UI-Character-ScrollBar">
							<Size>
								<AbsDimension x="31" y="128" />
							</Size>
							<Anchors>
								<Anchor point="BOTTOM" relativeTo="$parentScrollBarScrollDownButton">
									<Offset>
										<AbsDimension x="0" y="-2" />
									</Offset>
								</Anchor>
							</Anchors>
							<TexCoords left="0.515625" right="1.0" top="0" bottom="0.4140625" />
						</Texture>
					</Layer>
				</Layers>
				<Scripts>
					<OnVerticalScroll>
							FauxScrollFrame_OnVerticalScroll(32, CosmosMaster_Update);
					</OnVerticalScroll>
				</Scripts>
			</ScrollFrame>

		</Frames>
		<!-- Cosmos Loads -->
		<Scripts>
			<OnShow>
				
				CosmosMasterFrame_IsLoading = true;
				CosmosMasterFrame_Show();
				CosmosMasterFrame_IsLoading = false;

			</OnShow>
		</Scripts>
	</Frame>
	<!-- Extra commands -->
	<Script file="ShapeshiftCommands.lua" />
	<Script file="CosmosCommands.lua" />
	<Frame name="PureScriptEventsFrame" parent="UIParent" hidden="false">
		<Scripts>
			<OnEvent>
				CosmosMaster_OnEvent(event);
			</OnEvent>

			<OnLoad>
				CosmosMaster_Init();
				PureScriptEventsFrame:Show();
				Cosmos_Registers();
				ShapeshiftCommands_Register();
				<!--CosmosCommands_Register();-->
			</OnLoad>
			<OnUpdate>
				CosmosMaster_OnUpdate(arg1);
			</OnUpdate>
		</Scripts>
	</Frame>
</Ui>
