<Ui xmlns="http://www.blizzard.com/wow/ui/" xmlns:xsi="http://www.w3.org/2001/XMLSchema-instance" xsi:schemaLocation="http://www.blizzard.com/wow/ui/
..\FrameXML\UI.xsd">
	<Script file="CosmosButton.lua"/>
	<CheckButton name="CosmosFeaturesButtonTemplate" virtual="true">
		<Size>
			<AbsDimension x="37" y="37"/>
		</Size>
		<Layers>
			<Layer level="BACKGROUND">
				<Texture name="$parentIconTexture" setAllPoints="true" hidden="true"/>
				<FontString name="$parentName" inherits="GameFontNormal" hidden="true" justifyH="LEFT">
					<Size>
						<AbsDimension x="103" y="0"/>
					</Size>
					<Anchors>
						<Anchor point="LEFT" relativePoint="RIGHT">
							<Offset>
								<AbsDimension x="4" y="4"/>
							</Offset>
						</Anchor>
					</Anchors>
				</FontString>
				<FontString name="$parentOtherName" inherits="SubSpellFont" hidden="true" justifyH="LEFT">
					<Size>
						<AbsDimension x="79" y="18"/>
					</Size>
					<Anchors>
						<Anchor point="TOPLEFT" relativeTo="$parentName" relativePoint="BOTTOMLEFT">
							<Offset>
								<AbsDimension x="0" y="4"/>
							</Offset>
						</Anchor>
					</Anchors>
				</FontString>
			</Layer>
		</Layers>
		<Scripts>
			<OnClick>
				CosmosButton_OnClick();
			</OnClick>
			<OnEnter>
				CosmosButton_OnEnter();
			</OnEnter>
			<OnLeave>
				CosmosTooltip:Hide();
			</OnLeave>
		</Scripts>
		<NormalTexture name="$parentNormalTexture" file="Interface\Buttons\UI-Quickslot2">
			<Size>
				<AbsDimension x="64" y="64"/>
			</Size>
			<Anchors>
				<Anchor point="CENTER">
					<Offset>
						<AbsDimension x="0" y="0"/>
					</Offset>
				</Anchor>
			</Anchors>
		</NormalTexture>
		<PushedTexture file="Interface\Buttons\UI-Quickslot-Depress"/>
		<HighlightTexture name="$parentHighlight" file="Interface\Buttons\ButtonHilight-Square" alphaMode="ADD"/>
		<CheckedTexture file="Interface\Buttons\CheckButtonHilight" alphaMode="ADD"/>
	</CheckButton>
	<Frame name="CosmosFeatureFrame" toplevel="true" movable="true" enableMouse="true" hidden="true" parent="UIParent">
		<Size>
			<AbsDimension x="384" y="512"/>
		</Size>
		<Anchors>
			<Anchor point="TOPLEFT">
				<Offset>
					<AbsDimension x="0" y="-104"/>
				</Offset>
			</Anchor>
		</Anchors>
		<HitRectInsets>
			<AbsInset left="0" right="30" top="0" bottom="70"/>
		</HitRectInsets>
		<Layers>
			<Layer level="BACKGROUND">
				<Texture file="Interface\Spellbook\Spellbook-Icon">
					<Size>
						<AbsDimension x="58" y="58"/>
					</Size>
					<Anchors>
						<Anchor point="TOPLEFT">
							<Offset>
								<AbsDimension x="10" y="-8"/>
							</Offset>
						</Anchor>
					</Anchors>
				</Texture>
			</Layer>
			<Layer level="ARTWORK">
				<Texture file="Interface\Spellbook\UI-SpellbookPanel-TopLeft">
					<Size>
						<AbsDimension x="256" y="256"/>
					</Size>
					<Anchors>
						<Anchor point="TOPLEFT"/>
					</Anchors>
				</Texture>
				<Texture file="Interface\Spellbook\UI-SpellbookPanel-TopRight">
					<Size>
						<AbsDimension x="128" y="256"/>
					</Size>
					<Anchors>
						<Anchor point="TOPRIGHT"/>
					</Anchors>
				</Texture>
				<Texture file="Interface\Spellbook\UI-SpellbookPanel-BotLeft">
					<Size>
						<AbsDimension x="256" y="256"/>
					</Size>
					<Anchors>
						<Anchor point="BOTTOMLEFT"/>
					</Anchors>
				</Texture>
				<Texture file="Interface\Spellbook\UI-SpellbookPanel-BotRight">
					<Size>
						<AbsDimension x="128" y="256"/>
					</Size>
					<Anchors>
						<Anchor point="BOTTOMRIGHT"/>
					</Anchors>
				</Texture>
				<FontString name="CosmosFeaturesTitleText" inherits="GameFontNormal">
					<Anchors>
						<Anchor point="CENTER">
							<Offset>
								<AbsDimension x="6" y="230"/>
							</Offset>
						</Anchor>
					</Anchors>
				</FontString>
			</Layer>
		</Layers>
		<Frames>
			<Button name="CosmosFeatureFramePrevPageButton">
				<Size>
					<AbsDimension x="32" y="32"/>
				</Size>
				<Anchors>
					<Anchor point="CENTER" relativeTo="CosmosFeatureFrame" relativePoint="BOTTOMLEFT">
						<Offset>
							<AbsDimension x="50" y="105"/>
						</Offset>
					</Anchor>
				</Anchors>
				<Layers>
					<Layer level="BACKGROUND">
						<FontString inherits="GameFontNormal" justifyH="LEFT" text="PREV">
							<Anchors>
								<Anchor point="LEFT" relativeTo="CosmosFeatureFramePrevPageButton" relativePoint="RIGHT"/>
							</Anchors>
						</FontString>
					</Layer>
				</Layers>
				<Scripts>
					<OnClick>
						CosmosFeatureFrame_PrevPageButton_OnClick();
					</OnClick>
				</Scripts>
				<NormalTexture file="Interface\Buttons\UI-SpellbookIcon-PrevPage-Up"/>
				<PushedTexture file="Interface\Buttons\UI-SpellbookIcon-PrevPage-Down"/>
				<DisabledTexture file="Interface\Buttons\UI-SpellbookIcon-PrevPage-Disabled"/>
				<HighlightTexture file="Interface\Buttons\UI-Common-MouseHilight" alphaMode="ADD"/>
			</Button>
			<Button name="CosmosFeatureFrameNextPageButton">
				<Size>
					<AbsDimension x="32" y="32"/>
				</Size>
				<Anchors>
					<Anchor point="CENTER" relativeTo="CosmosFeatureFrame" relativePoint="BOTTOMLEFT">
						<Offset>
							<AbsDimension x="314" y="105"/>
						</Offset>
					</Anchor>
				</Anchors>
				<Layers>
					<Layer level="BACKGROUND">
						<FontString inherits="GameFontNormal" justifyH="RIGHT" text="NEXT">
							<Anchors>
								<Anchor point="RIGHT" relativeTo="CosmosFeatureFrameNextPageButton" relativePoint="LEFT"/>
							</Anchors>
						</FontString>
					</Layer>
				</Layers>
				<Scripts>
					<OnClick>
						CosmosFeatureFrame_NextPageButton_OnClick();
					</OnClick>
				</Scripts>
				<NormalTexture file="Interface\Buttons\UI-SpellbookIcon-NextPage-Up"/>
				<PushedTexture file="Interface\Buttons\UI-SpellbookIcon-NextPage-Down"/>
				<DisabledTexture file="Interface\Buttons\UI-SpellbookIcon-NextPage-Disabled"/>
				<HighlightTexture file="Interface\Buttons\UI-Common-MouseHilight" alphaMode="ADD"/>
			</Button>
			<Button name="CosmosFeaturesCloseButton" inherits="UIPanelCloseButton">
				<Anchors>
					<Anchor point="CENTER" relativeTo="CosmosFeatureFrame" relativePoint="TOPRIGHT">
						<Offset>
							<AbsDimension x="-44" y="-26"/>
						</Offset>
					</Anchor>
				</Anchors>
			</Button>
			<CheckButton name="CosmosFeaturesButton1" inherits="CosmosFeaturesButtonTemplate" id="1">
				<Anchors>
					<Anchor point="TOPLEFT">
						<Offset>
							<AbsDimension x="34" y="-85"/>
						</Offset>
					</Anchor>
				</Anchors>
			</CheckButton>
			<CheckButton name="CosmosFeaturesButton2" inherits="CosmosFeaturesButtonTemplate" id="2">
				<Anchors>
					<Anchor point="TOPLEFT" relativeTo="CosmosFeaturesButton1">
						<Offset>
							<AbsDimension x="157" y="0"/>
						</Offset>
					</Anchor>
				</Anchors>
			</CheckButton>
			<CheckButton name="CosmosFeaturesButton3" inherits="CosmosFeaturesButtonTemplate" id="3">
				<Anchors>
					<Anchor point="TOPLEFT" relativeTo="CosmosFeaturesButton1" relativePoint="BOTTOMLEFT">
						<Offset>
							<AbsDimension x="0" y="-7"/>
						</Offset>
					</Anchor>
				</Anchors>
			</CheckButton>
			<CheckButton name="CosmosFeaturesButton4" inherits="CosmosFeaturesButtonTemplate" id="4">
				<Anchors>
					<Anchor point="TOPLEFT" relativeTo="CosmosFeaturesButton3">
						<Offset>
							<AbsDimension x="157" y="0"/>
						</Offset>
					</Anchor>
				</Anchors>
			</CheckButton>
			<CheckButton name="CosmosFeaturesButton5" inherits="CosmosFeaturesButtonTemplate" id="5">
				<Anchors>
					<Anchor point="TOPLEFT" relativeTo="CosmosFeaturesButton3" relativePoint="BOTTOMLEFT">
						<Offset>
							<AbsDimension x="0" y="-7"/>
						</Offset>
					</Anchor>
				</Anchors>
			</CheckButton>
			<CheckButton name="CosmosFeaturesButton6" inherits="CosmosFeaturesButtonTemplate" id="6">
				<Anchors>
					<Anchor point="TOPLEFT" relativeTo="CosmosFeaturesButton5">
						<Offset>
							<AbsDimension x="157" y="0"/>
						</Offset>
					</Anchor>
				</Anchors>
			</CheckButton>
			<CheckButton name="CosmosFeaturesButton7" inherits="CosmosFeaturesButtonTemplate" id="7">
				<Anchors>
					<Anchor point="TOPLEFT" relativeTo="CosmosFeaturesButton5" relativePoint="BOTTOMLEFT">
						<Offset>
							<AbsDimension x="0" y="-7"/>
						</Offset>
					</Anchor>
				</Anchors>
			</CheckButton>
			<CheckButton name="CosmosFeaturesButton8" inherits="CosmosFeaturesButtonTemplate" id="8">
				<Anchors>
					<Anchor point="TOPLEFT" relativeTo="CosmosFeaturesButton7">
						<Offset>
							<AbsDimension x="157" y="0"/>
						</Offset>
					</Anchor>
				</Anchors>
			</CheckButton>
			<CheckButton name="CosmosFeaturesButton9" inherits="CosmosFeaturesButtonTemplate" id="9">
				<Anchors>
					<Anchor point="TOPLEFT" relativeTo="CosmosFeaturesButton7" relativePoint="BOTTOMLEFT">
						<Offset>
							<AbsDimension x="0" y="-7"/>
						</Offset>
					</Anchor>
				</Anchors>
			</CheckButton>
			<CheckButton name="CosmosFeaturesButton10" inherits="CosmosFeaturesButtonTemplate" id="10">
				<Anchors>
					<Anchor point="TOPLEFT" relativeTo="CosmosFeaturesButton9">
						<Offset>
							<AbsDimension x="157" y="0"/>
						</Offset>
					</Anchor>
				</Anchors>
			</CheckButton>
			<CheckButton name="CosmosFeaturesButton11" inherits="CosmosFeaturesButtonTemplate" id="11">
				<Anchors>
					<Anchor point="TOPLEFT" relativeTo="CosmosFeaturesButton9" relativePoint="BOTTOMLEFT">
						<Offset>
							<AbsDimension x="0" y="-7"/>
						</Offset>
					</Anchor>
				</Anchors>
			</CheckButton>
			<CheckButton name="CosmosFeaturesButton12" inherits="CosmosFeaturesButtonTemplate" id="12">
				<Anchors>
					<Anchor point="TOPLEFT" relativeTo="CosmosFeaturesButton11">
						<Offset>
							<AbsDimension x="157" y="0"/>
						</Offset>
					</Anchor>
				</Anchors>
			</CheckButton>
			<CheckButton name="CosmosFeaturesButton13" inherits="CosmosFeaturesButtonTemplate" id="13">
				<Anchors>
					<Anchor point="TOPLEFT" relativeTo="CosmosFeaturesButton11" relativePoint="BOTTOMLEFT">
						<Offset>
							<AbsDimension x="0" y="-7"/>
						</Offset>
					</Anchor>
				</Anchors>
			</CheckButton>
			<CheckButton name="CosmosFeaturesButton14" inherits="CosmosFeaturesButtonTemplate" id="14">
				<Anchors>
					<Anchor point="TOPLEFT" relativeTo="CosmosFeaturesButton13">
						<Offset>
							<AbsDimension x="157" y="0"/>
						</Offset>
					</Anchor>
				</Anchors>
			</CheckButton>
		</Frames>
		<Scripts>
			<OnShow>
				CosmosButton_OnShow();
			</OnShow>
			<OnHide>
				CosmosButton_OnHide();
			</OnHide>
		</Scripts>
	</Frame>
	<Button name="CosmosMinimapButton" parent="Minimap" toplevel="true">
		<Size>
			<AbsDimension x="34" y="34"/>
		</Size>
		<Anchors>
			<Anchor point="CENTER" relativeTo="MinimapBackdrop" relativePoint="BOTTOM">
				<Offset>
					<AbsDimension x="-51" y="60"/>
				</Offset>
			</Anchor>
		</Anchors>
		<Scripts>
			<OnClick>
				ToggleCosmosFeatureFrame();
			</OnClick>
		</Scripts>
		<NormalTexture file="Interface\AddOns\Cosmos\Skin\MinimapButton\CosmosButton"/>
		<PushedTexture file="Interface\AddOns\Cosmos\Skin\MinimapButton\CosmosButtonDown"/>
		<DisabledTexture file="Interface\Minimap\UI-Minimap-ZoomOutButton-Disabled"/>
		<HighlightTexture alphaMode="ADD" file="Interface\Minimap\UI-Minimap-ZoomButton-Highlight"/>
	</Button>
</Ui>
