<Ui xmlns="http://www.blizzard.com/wow/ui/" xmlns:xsi="http://www.w3.org/2001/XMLSchema-instance" xsi:schemaLocation="http://www.blizzard.com/wow/ui/
..\FrameXML\UI.xsd">
    <Script file="AutotradeAllAuctionsFrame.lua"/>
    <Frame name="AutotradeAllAuctionsFrame" setallpoints="true" parent="AutotradeFrame" enableMouse="true" hidden="true" id="3">
        <HitRectInsets>
            <AbsInset left="0" right="30" top="0" bottom="45"/>
        </HitRectInsets>
        <Layers>
            <Layer level="BACKGROUND">
                <Texture file="Interface\ClassTrainerFrame\UI-ClassTrainer-TopLeft">
                    <Size>
                        <AbsDimension x="256" y="256"/>
                    </Size>
                    <Anchors>
                        <Anchor point="TOPLEFT"/>
                    </Anchors>
                </Texture>
                <Texture file="Interface\ClassTrainerFrame\UI-ClassTrainer-TopRight">
                    <Size>
                        <AbsDimension x="128" y="256"/>
                    </Size>
                    <Anchors>
                        <Anchor point="TOPRIGHT"/>
                    </Anchors>
                </Texture>
                <Texture name="AutotradeAllAuctionsFrameBottomLeft" file="Interface\ClassTrainerFrame\UI-ClassTrainer-BotLeft">
                    <Size>
                        <AbsDimension x="256" y="256"/>
                    </Size>
                    <Anchors>
                        <Anchor point="BOTTOMLEFT"/>
                    </Anchors>
                </Texture>
                <Texture name="AutotradeAllAuctionsFrameBottomRight" file="Interface\ClassTrainerFrame\UI-ClassTrainer-BotRight">
                    <Size>
                        <AbsDimension x="128" y="256"/>
                    </Size>
                    <Anchors>
                        <Anchor point="BOTTOMRIGHT"/>
                    </Anchors>
                </Texture>
            </Layer>
            <Layer level="BORDER">
                <Texture name="AutotradeMyAuctionsHorizontalBarLeft" file="Interface\ClassTrainerFrame\UI-ClassTrainer-HorizontalBar">
                    <Size>
                        <AbsDimension x="256" y="16"/>
                    </Size>
                    <Anchors>
                        <Anchor point="TOPLEFT">
                            <Offset>
                                <AbsDimension x="15" y="-275"/>
                            </Offset>
                        </Anchor>
                    </Anchors>
                    <TexCoords left="0" right="1.0" top="0" bottom="0.25"/>
                </Texture>
                <Texture file="Interface\ClassTrainerFrame\UI-ClassTrainer-HorizontalBar">
                    <Size>
                        <AbsDimension x="75" y="16"/>
                    </Size>
                    <Anchors>
                        <Anchor point="LEFT" relativeTo="AutotradeMyAuctionsHorizontalBarLeft" relativePoint="RIGHT">
                            <Offset>
                                <AbsDimension x="0" y="0"/>
                            </Offset>
                        </Anchor>
                    </Anchors>
                    <TexCoords left="0" right="0.29296875" top="0.25" bottom="0.5"/>
                </Texture>
            </Layer>
        </Layers>
        <Frames>
            <Frame name="AutotradeAllAuctionsExpandButtonFrame">
                <Size>
                    <AbsDimension x="54" y="32"/>
                </Size>
                <Anchors>
                    <Anchor point="TOPLEFT">
                        <Offset>
                            <AbsDimension x="15" y="-70"/>
                        </Offset>
                    </Anchor>
                </Anchors>
                <Layers>
                    <Layer level="BACKGROUND">
                        <Texture name="AutotradeAllAuctionsExpandTabLeft" file="Interface\ClassTrainerFrame\UI-ClassTrainer-ExpandTab-Left">
                            <Size>
                                <AbsDimension x="8" y="32"/>
                            </Size>
                            <Anchors>
                                <Anchor point="TOPLEFT"/>
                            </Anchors>
                        </Texture>
                        <Texture name="AutotradeAllAuctionsExpandTabMiddle" file="Interface\QuestFrame\UI-QuestLogSortTab-Middle">
                            <Size>
                                <AbsDimension x="38" y="32"/>
                            </Size>
                            <Anchors>
                                <Anchor point="LEFT" relativeTo="AutotradeAllAuctionsExpandTabLeft" relativePoint="RIGHT">
                                    <Offset>
                                        <AbsDimension x="0" y="6"/>
                                    </Offset>
                                </Anchor>
                            </Anchors>
                        </Texture>
                        <Texture file="Interface\QuestFrame\UI-QuestLogSortTab-Right">
                            <Size>
                                <AbsDimension x="8" y="32"/>
                            </Size>
                            <Anchors>
                                <Anchor point="LEFT" relativeTo="AutotradeAllAuctionsExpandTabMiddle" relativePoint="RIGHT"/>
                            </Anchors>
                        </Texture>
                    </Layer>
                </Layers>
                <Frames>
                    <Button name="AutotradeAllAuctionsCollapseAllButton" hidden="false" inherits="AutotradeButtonTemplate" text="ALL">
                        <Size>
                            <AbsDimension x="40" y="22"/>
                        </Size>
                        <Anchors>
                            <Anchor point="LEFT" relativeTo="AutotradeAllAuctionsExpandTabLeft" relativePoint="RIGHT">
                                <Offset>
                                    <AbsDimension x="0" y="3"/>
                                </Offset>
                            </Anchor>
                        </Anchors>
                        <Scripts>
                            <OnClick>
                                AutotradeCollapseAllButton_OnClick(AutotradeAllAuctionsPageInfo);
                            </OnClick>
                        </Scripts>
                    </Button>
                </Frames>
            </Frame>
            <Frame name="AutotradeAllAuctionsSortFrame">
                <Size>
                    <AbsDimension x="174" y="32"/>
                </Size>
                <Anchors>
                    <Anchor point="TOPRIGHT">
                        <Offset>
                            <AbsDimension x="-40" y="-65"/>
                        </Offset>
                    </Anchor>
                </Anchors>
                <Layers>
                    <Layer level="BACKGROUND">
                        <Texture name="AutotradeAllAuctionsSortFrameRight" file="Interface\ClassTrainerFrame\UI-ClassTrainer-FilterBorder">
                            <Size>
                                <AbsDimension x="12" y="32"/>
                            </Size>
                            <Anchors>
                                <Anchor point="TOPRIGHT"/>
                            </Anchors>
                            <TexCoords left="0.90625" right="1.0" top="0" bottom="1.0"/>
                        </Texture>
                        <Texture name="AutotradeAllAuctionsSortFrameMiddle" file="Interface\ClassTrainerFrame\UI-ClassTrainer-FilterBorder">
                            <Size>
                                <AbsDimension x="150" y="32"/>
                            </Size>
                            <Anchors>
                                <Anchor point="RIGHT" relativeTo="AutotradeAllAuctionsSortFrameRight" relativePoint="LEFT"/>
                            </Anchors>
                            <TexCoords left="0.09375" right="0.90625" top="0" bottom="1.0"/>
                        </Texture>
                        <Texture name="AutotradeAllAuctionsSortFrameLeft" file="Interface\ClassTrainerFrame\UI-ClassTrainer-FilterBorder">
                            <Size>
                                <AbsDimension x="12" y="32"/>
                            </Size>
                            <Anchors>
                                <Anchor point="RIGHT" relativeTo="AutotradeAllAuctionsSortFrameMiddle" relativePoint="LEFT"/>
                            </Anchors>
                            <TexCoords left="0" right="0.09375" top="0" bottom="1.0"/>
                        </Texture>
                    </Layer>
                    <Layer level="ARTWORK">
                        <FontString name="AutotradeAllAuctionsFilterTitleText" inherits="GameFontNormalSmall" justifyH="RIGHT" text="Filter by:">
                            <Anchors>
                                <Anchor point="TOPLEFT">
                                    <Offset>
                                        <AbsDimension x="12" y="-10"/>
                                    </Offset>
                                </Anchor>
                            </Anchors>
                        </FontString>
                    </Layer>
                </Layers>
                <Frames>
                    <CheckButton name="AutotradeAllAuctionsItemButton" inherits="OptionsCheckButtonTemplate" text="GLOBAL_ITEM_TAG_C">
                        <Size>
                            <AbsDimension x="25" y="25"/>
                        </Size>
                        <Anchors>
                            <Anchor point="LEFT" relativeTo="AutotradeAllAuctionsSortFrameLeft" relativePoint="RIGHT">
                                <Offset>
                                    <AbsDimension x="50" y="2"/>
                                </Offset>
                            </Anchor>
                        </Anchors>
                        <Scripts>
                            <OnShow>
                                AutotradeSortButton_OnShow(this, "item");
                            </OnShow>
                            <OnClick>
                                AutotradeSortButton_OnClick("item")
                            </OnClick>
                        </Scripts>
                    </CheckButton>
                    <CheckButton name="AutotradeAllAuctionsZoneButton" inherits="OptionsCheckButtonTemplate" text="GLOBAL_ZONE_TAG_C">
                        <Size>
                            <AbsDimension x="25" y="25"/>
                        </Size>
                        <Anchors>
                            <Anchor point="LEFT" relativeTo="AutotradeAllAuctionsItemButton" relativePoint="RIGHT">
                                <Offset>
                                    <AbsDimension x="27" y="0"/>
                                </Offset>
                            </Anchor>
                        </Anchors>
                        <Scripts>
                            <OnShow>
                                AutotradeSortButton_OnShow(this, "zone");
                            </OnShow>
                            <OnClick>
                                AutotradeSortButton_OnClick("zone")
                            </OnClick>
                        </Scripts>
                    </CheckButton>
                </Frames>
            </Frame>
            <Frame name="AutotradeAllAuctionsHighlightFrame" hidden="true">
                <Size>
                    <AbsDimension x="293" y="16"/>
                </Size>
                <Anchors>
                    <Anchor point="TOPLEFT"/>
                </Anchors>
                <Layers>
                    <Layer level="ARTWORK">
                        <Texture name="AutotradeAllAuctionsHighlight" file="Interface\Buttons\UI-Listbox-Highlight2"/>
                    </Layer>
                </Layers>
            </Frame>
            <Button name="AutotradeAllAuctionsItem1" inherits="AutotradeButtonTemplate">
                <Anchors>
                    <Anchor point="TOPLEFT" relativeTo="AutotradeAllAuctionsFrame">
                        <Offset>
                            <AbsDimension x="22" y="-100"/>
                        </Offset>
                    </Anchor>
                </Anchors>
            </Button>
            <Button name="AutotradeAllAuctionsItem2" inherits="AutotradeButtonTemplate">
                <Anchors>
                    <Anchor point="TOPLEFT" relativeTo="AutotradeAllAuctionsItem1" relativePoint="BOTTOMLEFT">
                        <Offset>
                            <AbsDimension x="0" y="0"/>
                        </Offset>
                    </Anchor>
                </Anchors>
            </Button>
            <Button name="AutotradeAllAuctionsItem3" inherits="AutotradeButtonTemplate">
                <Anchors>
                    <Anchor point="TOPLEFT" relativeTo="AutotradeAllAuctionsItem2" relativePoint="BOTTOMLEFT">
                        <Offset>
                            <AbsDimension x="0" y="0"/>
                        </Offset>
                    </Anchor>
                </Anchors>
            </Button>
            <Button name="AutotradeAllAuctionsItem4" inherits="AutotradeButtonTemplate">
                <Anchors>
                    <Anchor point="TOPLEFT" relativeTo="AutotradeAllAuctionsItem3" relativePoint="BOTTOMLEFT">
                        <Offset>
                            <AbsDimension x="0" y="0"/>
                        </Offset>
                    </Anchor>
                </Anchors>
            </Button>
            <Button name="AutotradeAllAuctionsItem5" inherits="AutotradeButtonTemplate">
                <Anchors>
                    <Anchor point="TOPLEFT" relativeTo="AutotradeAllAuctionsItem4" relativePoint="BOTTOMLEFT">
                        <Offset>
                            <AbsDimension x="0" y="0"/>
                        </Offset>
                    </Anchor>
                </Anchors>
            </Button>
            <Button name="AutotradeAllAuctionsItem6" inherits="AutotradeButtonTemplate">
                <Anchors>
                    <Anchor point="TOPLEFT" relativeTo="AutotradeAllAuctionsItem5" relativePoint="BOTTOMLEFT">
                        <Offset>
                            <AbsDimension x="0" y="0"/>
                        </Offset>
                    </Anchor>
                </Anchors>
            </Button>
            <Button name="AutotradeAllAuctionsItem7" inherits="AutotradeButtonTemplate">
                <Anchors>
                    <Anchor point="TOPLEFT" relativeTo="AutotradeAllAuctionsItem6" relativePoint="BOTTOMLEFT">
                        <Offset>
                            <AbsDimension x="0" y="0"/>
                        </Offset>
                    </Anchor>
                </Anchors>
            </Button>
            <Button name="AutotradeAllAuctionsItem8" inherits="AutotradeButtonTemplate">
                <Anchors>
                    <Anchor point="TOPLEFT" relativeTo="AutotradeAllAuctionsItem7" relativePoint="BOTTOMLEFT">
                        <Offset>
                            <AbsDimension x="0" y="0"/>
                        </Offset>
                    </Anchor>
                </Anchors>
            </Button>
            <Button name="AutotradeAllAuctionsItem9" inherits="AutotradeButtonTemplate">
                <Anchors>
                    <Anchor point="TOPLEFT" relativeTo="AutotradeAllAuctionsItem8" relativePoint="BOTTOMLEFT">
                        <Offset>
                            <AbsDimension x="0" y="0"/>
                        </Offset>
                    </Anchor>
                </Anchors>
            </Button>
            <Button name="AutotradeAllAuctionsItem10" inherits="AutotradeButtonTemplate">
                <Anchors>
                    <Anchor point="TOPLEFT" relativeTo="AutotradeAllAuctionsItem9" relativePoint="BOTTOMLEFT">
                        <Offset>
                            <AbsDimension x="0" y="0"/>
                        </Offset>
                    </Anchor>
                </Anchors>
            </Button>
            <Button name="AutotradeAllAuctionsItem11" inherits="AutotradeButtonTemplate">
                <Anchors>
                    <Anchor point="TOPLEFT" relativeTo="AutotradeAllAuctionsItem10" relativePoint="BOTTOMLEFT">
                        <Offset>
                            <AbsDimension x="0" y="0"/>
                        </Offset>
                    </Anchor>
                </Anchors>
            </Button>
            <ScrollFrame name="AutotradeAllAuctionsListScrollFrame" inherits="AutotradeAuctionListScrollFrameTemplate">
                <Size>
                    <AbsDimension x="296" y="184"/>
                </Size>
                <Anchors>
                    <Anchor point="TOPRIGHT" relativeTo="AutotradeAllAuctionsFrame" relativePoint="TOPRIGHT">
                        <Offset>
                            <AbsDimension x="-67" y="-96"/>
                        </Offset>
                    </Anchor>
                </Anchors>
                <Scripts>
                    <OnVerticalScroll>
                        FauxScrollFrame_OnVerticalScroll(AUTO_TRADE_ITEM_HEIGHT, AutotradeListFrame_Update)
                    </OnVerticalScroll>
                </Scripts>
            </ScrollFrame>
            <Frame name="AutotradeAllAuctionsMoneyFrame" inherits="SmallChooseMoneyFrameTemplate">
                <Anchors>
                    <Anchor point="BOTTOMRIGHT" relativeTo="AutotradeAllAuctionsFrame" relativePoint="BOTTOMLEFT">
                        <Offset>
                            <AbsDimension x="180" y="86"/>
                        </Offset>
                    </Anchor>
                </Anchors>
            </Frame>
            <Frame name="AutotradeAllAuctionsDetailScrollChildFrame">
                <Size>
                    <AbsDimension x="320" y="120"/>
                </Size>
                <Anchors>
                    <Anchor point="TOPLEFT" relativeTo="AutotradeAllAuctionsListScrollFrame" relativePoint="BOTTOMLEFT">
                        <Offset>
                            <AbsDimension x="0" y="-8"/>
                        </Offset>
                    </Anchor>
                </Anchors>
                <Layers>
                    <Layer level="BACKGROUND">
                        <FontString name="AutotradeAllAuctionsItemName" inherits="GameFontNormal" justifyH="LEFT">
                            <Size>
                                <AbsDimension x="244" y="0"/>
                            </Size>
                            <Anchors>
                                <Anchor point="TOPLEFT">
                                    <Offset>
                                        <AbsDimension x="46" y="-2"/>
                                    </Offset>
                                </Anchor>
                            </Anchors>
                        </FontString>
                        <FontString name="AutotradeAllAuctionsOwnerLabel" inherits="GameFontNormalSmall" justifyH="LEFT" text="Owner:">
                            <Anchors>
                                <Anchor point="TOPLEFT">
                                    <Offset>
                                        <AbsDimension x="46" y="-22"/>
                                    </Offset>
                                </Anchor>
                            </Anchors>
                        </FontString>
                        <FontString name="AutotradeAllAuctionsOwnerName" inherits="GameFontNormalSmall" justifyH="LEFT">
                            <Anchors>
                                <Anchor point="LEFT" relativeTo="AutotradeAllAuctionsOwnerLabel" relativePoint="RIGHT">
                                    <Offset>
                                        <AbsDimension x="5" y="0"/>
                                    </Offset>
                                </Anchor>
                            </Anchors>
                        </FontString>
                        <FontString name="AutotradeAllAuctionsOwnerLocation" inherits="GameFontNormalSmall" justifyH="LEFT">
                            <Anchors>
                                <Anchor point="LEFT" relativeTo="AutotradeAllAuctionsOwnerName" relativePoint="RIGHT">
                                    <Offset>
                                        <AbsDimension x="5" y="0"/>
                                    </Offset>
                                </Anchor>
                            </Anchors>
                        </FontString>
                        <FontString name="AutotradeAllAuctionsBidLabelUpper" inherits="GameFontNormalSmall" justifyH="LEFT" text="">
                            <Anchors>
                                <Anchor point="TOPLEFT">
                                    <Offset>
                                        <AbsDimension x="5" y="-48"/>
                                    </Offset>
                                </Anchor>
                            </Anchors>
                        </FontString>
                        <FontString name="AutotradeAllAuctionsBidLabelLower" inherits="GameFontNormalSmall" justifyH="LEFT" text="">
                            <Anchors>
                                <Anchor point="TOPLEFT">
                                    <Offset>
                                        <AbsDimension x="5" y="-66"/>
                                    </Offset>
                                </Anchor>
                            </Anchors>
                        </FontString>
                        <FontString name="AutotradeAllAuctionsBidLabelUpperSubText" inherits="GameFontNormalSmall" justifyH="LEFT">
                            <Anchors>
                                <Anchor point="LEFT" relativeTo="AutotradeAllAuctionsBidFrameUpper" relativePoint="RIGHT">
                                    <Offset>
                                        <AbsDimension x="5" y="0"/>
                                    </Offset>
                                </Anchor>
                            </Anchors>
                        </FontString>
                        <FontString name="AutotradeAllAuctionsBidLabelLowerSubText" inherits="GameFontNormalSmall" justifyH="LEFT">
                            <Anchors>
                                <Anchor point="LEFT" relativeTo="AutotradeAllAuctionsBidFrameLower" relativePoint="RIGHT">
                                    <Offset>
                                        <AbsDimension x="5" y="0"/>
                                    </Offset>
                                </Anchor>
                            </Anchors>
                        </FontString>
                        <FontString name="AutotradeAllAuctionsTimeLabel" inherits="GameFontNormalSmall" justifyH="LEFT" text="">
                            <Anchors>
                                <Anchor point="TOPLEFT">
                                    <Offset>
                                        <AbsDimension x="5" y="-84"/>
                                    </Offset>
                                </Anchor>
                            </Anchors>
                        </FontString>
                        <FontString name="AutotradeAllAuctionsTimeText" inherits="GameFontNormalSmall" justifyH="LEFT">
                            <Anchors>
                                <Anchor point="LEFT" relativeTo="AutotradeAllAuctionsTimeLabel" relativePoint="RIGHT">
                                    <Offset>
                                        <AbsDimension x="5" y="0"/>
                                    </Offset>
                                </Anchor>
                            </Anchors>
                        </FontString>
                        <FontString name="AutotradeAllAuctionsMeetInText" inherits="GameFontNormalSmall" justifyH="LEFT">
                            <Anchors>
                                <Anchor point="TOPLEFT">
                                    <Offset>
                                        <AbsDimension x="5" y="-102"/>
                                    </Offset>
                                </Anchor>
                            </Anchors>
                        </FontString>
                    </Layer>
                </Layers>
                <Frames>
                    <Button name="AutotradeAllAuctionsItemIcon">
                        <Size>
                            <AbsDimension x="37" y="37"/>
                        </Size>
                        <Anchors>
                            <Anchor point="TOPLEFT">
                                <Offset>
                                    <AbsDimension x="5" y="-4"/>
                                </Offset>
                            </Anchor>
                        </Anchors>
                        <Layers>
                            <Layer level="BACKGROUND">
                                <Texture file="Interface\Buttons\UI-EmptySlot">
                                    <Size>
                                        <AbsDimension x="64" y="64"/>
                                    </Size>
                                    <Anchors>
                                        <Anchor point="TOPLEFT">
                                            <Offset>
                                                <AbsDimension x="-13" y="13"/>
                                            </Offset>
                                        </Anchor>
                                    </Anchors>
                                </Texture>
                            </Layer>
                            <Layer level="ARTWORK">
                                <FontString name="$parentCount" inherits="NumberFontNormal" justifyH="RIGHT" hidden="true">
                                    <Anchors>
                                        <Anchor point="BOTTOMRIGHT">
                                            <Offset>
                                                <AbsDimension x="-5" y="2"/>
                                            </Offset>
                                        </Anchor>
                                    </Anchors>
                                </FontString>
                            </Layer>
                        </Layers>
                        <Scripts>
                            <OnEnter>
                                AutotradeItemIcon_OnEnter();
                            </OnEnter>
                            <OnLeave>
                                AutotradeItemIcon_OnLeave();
                            </OnLeave>
                        </Scripts>
                    </Button>
                    <Frame name="AutotradeAllAuctionsBidMoneyFrameUpper" inherits="SmallMoneyFrameTemplate">
                        <Anchors>
                            <Anchor point="LEFT" relativeTo="AutotradeAllAuctionsBidLabelUpper" relativePoint="RIGHT">
                                <Offset>
                                    <AbsDimension x="12" y="0"/>
                                </Offset>
                            </Anchor>
                        </Anchors>
                        <Scripts>
                            <OnLoad>
                                this:Hide();
                                SmallMoneyFrame_OnLoad();
                                this.small = 1;
                                MoneyFrame_SetType("PLAYER");
                            </OnLoad>
                        </Scripts>
                    </Frame>
                    <Frame name="AutotradeAllAuctionsBidMoneyFrameLower" inherits="SmallMoneyFrameTemplate">
                        <Anchors>
                            <Anchor point="LEFT" relativeTo="AutotradeAllAuctionsBidLabelLower" relativePoint="RIGHT">
                                <Offset>
                                    <AbsDimension x="12" y="0"/>
                                </Offset>
                            </Anchor>
                        </Anchors>
                        <Scripts>
                            <OnLoad>
                                this:Hide();
                                SmallMoneyFrame_OnLoad();
                                this.small = 1;
                                this.staticMoney = 0;
                                MoneyFrame_SetType("STATIC");
                            </OnLoad>
                        </Scripts>
                    </Frame>
                    <CheckButton name="AutotradeAllAuctionsWishListButton" inherits="RightJustifiedCheckButtonTemplate" text="AUTOTRADE_WISH_LIST">
                        <Size>
                            <AbsDimension x="20" y="20"/>
                        </Size>
                        <Anchors>
                            <Anchor point="TOPRIGHT" relativePoint="TOPRIGHT">
                                <Offset>
                                    <AbsDimension x="-5" y="-62"/>
                                </Offset>
                            </Anchor>
                        </Anchors>
                        <Scripts>
                            <OnClick>
                                AutotradeWishListButton_OnClick();
                            </OnClick>
                        </Scripts>
                    </CheckButton>
                    <Button name="AutotradeAllAuctionsMeetInButton" inherits="UIPanelButtonTemplate">
                        <Size>
                            <AbsDimension x="60" y="16"/>
                        </Size>
                        <Anchors>
                            <Anchor point="LEFT" relativeTo="AutotradeAllAuctionsMeetInText" relativePoint="RIGHT">
                                <Offset>
                                    <AbsDimension x="5" y="0"/>
                                </Offset>
                            </Anchor>
                        </Anchors>
                        <Scripts>
                            <OnClick>
                                Autotrade_MeetInButton_OnClick();
                            </OnClick>
                        </Scripts>
                    </Button>
                </Frames>
            </Frame>
            <Button name="AutotradeAllAuctionsAcceptButton" inherits="UIPanelButtonTemplate" text="ACCEPT">
                <Size>
                    <AbsDimension x="80" y="22"/>
                </Size>
                <Anchors>
                    <Anchor point="CENTER" relativeTo="AutotradeAllAuctionsFrame" relativePoint="TOPLEFT">
                        <Offset>
                            <AbsDimension x="224" y="-420"/>
                        </Offset>
                    </Anchor>
                </Anchors>
                <Scripts>
                    <OnClick>
                        AutotradeAcceptButton_OnClick();
                    </OnClick>
                </Scripts>
            </Button>
            <Button name="AutotradeAllAuctionsRemoveButton" inherits="UIPanelButtonTemplate" text="GLOBAL_REMOVE_TAG_C">
                <Size>
                    <AbsDimension x="80" y="22"/>
                </Size>
                <Anchors>
                    <Anchor point="CENTER" relativeTo="AutotradeAllAuctionsFrame" relativePoint="TOPLEFT">
                        <Offset>
                            <AbsDimension x="305" y="-420"/>
                        </Offset>
                    </Anchor>
                </Anchors>
                <Scripts>
                    <OnClick>
                        AutotradeRemoveButton_OnClick();
                    </OnClick>
                </Scripts>
            </Button>
        </Frames>
        <Scripts>
            <OnLoad>
                AutotradeSubFrame_OnLoad(AutotradeAllAuctionsPageInfo);
                AutotradeAllAuctionsFrame_OnLoad();
            </OnLoad>
            <OnShow>
                PlaySound("igCharacterInfoOpen");
            </OnShow>
            <OnHide>
--[[            Hmm, now what did CloseTrainer do?
                CloseTrainer();
                UpdateMicroButtons();
]]
                AutotradeSubFrame_OnHide(AutotradeAllAuctionsPageInfo);
                PlaySound("igCharacterInfoClose");
            </OnHide>
            <OnEvent>
                AutotradeFrame_OnEvent();
            </OnEvent>
            <OnReceiveDrag>
                --[[ Go to My Auctions frame, not this one ]]
                ForceAutotrade("AutotradeMyAuctionsFrame");
                Autotrade_CreateAuction();
            </OnReceiveDrag>
            <OnMouseWheel>
                return;
            </OnMouseWheel>
        </Scripts>
    </Frame>
</Ui>
