<Ui xmlns="http://www.blizzard.com/wow/ui/" xmlns:xsi="http://www.w3.org/2001/XMLSchema-instance" xsi:schemaLocation="http://www.blizzard.com/wow/ui/
..\FrameXML\UI.xsd">
    <Script file="AutotradeBidAuctionsFrame.lua"/>
    <Frame name="AutotradeBidAuctionsFrame" setallpoints="true" parent="AutotradeFrame" enableMouse="true" hidden="true" id="2">
        <HitRectInsets>
            <AbsInset left="0" right="30" top="0" bottom="45"/>
        </HitRectInsets>
        <Layers>
            <Layer level="BACKGROUND">
                <Texture file="Interface\ClassTrainerFrame\UI-ClassTrainer-TopLeft">
                    <Size>
                        <AbsDimension x="256" y="256"/>
                    </Size>
                    <Anchors>
                        <Anchor point="TOPLEFT"/>
                    </Anchors>
                </Texture>
                <Texture file="Interface\ClassTrainerFrame\UI-ClassTrainer-TopRight">
                    <Size>
                        <AbsDimension x="128" y="256"/>
                    </Size>
                    <Anchors>
                        <Anchor point="TOPRIGHT"/>
                    </Anchors>
                </Texture>
                <Texture name="AutotradeBidAuctionsFrameBottomLeft" file="Interface\ClassTrainerFrame\UI-ClassTrainer-BotLeft">
                    <Size>
                        <AbsDimension x="256" y="256"/>
                    </Size>
                    <Anchors>
                        <Anchor point="BOTTOMLEFT"/>
                    </Anchors>
                </Texture>
                <Texture name="AutotradeBidAuctionsFrameBottomRight" file="Interface\ClassTrainerFrame\UI-ClassTrainer-BotRight">
                    <Size>
                        <AbsDimension x="128" y="256"/>
                    </Size>
                    <Anchors>
                        <Anchor point="BOTTOMRIGHT"/>
                    </Anchors>
                </Texture>
            </Layer>
            <Layer level="BORDER">
                <Texture name="AutotradeMyAuctionsHorizontalBarLeft" file="Interface\ClassTrainerFrame\UI-ClassTrainer-HorizontalBar">
                    <Size>
                        <AbsDimension x="256" y="16"/>
                    </Size>
                    <Anchors>
                        <Anchor point="TOPLEFT">
                            <Offset>
                                <AbsDimension x="15" y="-275"/>
                            </Offset>
                        </Anchor>
                    </Anchors>
                    <TexCoords left="0" right="1.0" top="0" bottom="0.25"/>
                </Texture>
                <Texture file="Interface\ClassTrainerFrame\UI-ClassTrainer-HorizontalBar">
                    <Size>
                        <AbsDimension x="75" y="16"/>
                    </Size>
                    <Anchors>
                        <Anchor point="LEFT" relativeTo="AutotradeMyAuctionsHorizontalBarLeft" relativePoint="RIGHT">
                            <Offset>
                                <AbsDimension x="0" y="0"/>
                            </Offset>
                        </Anchor>
                    </Anchors>
                    <TexCoords left="0" right="0.29296875" top="0.25" bottom="0.5"/>
                </Texture>
            </Layer>
        </Layers>
        <Frames>
            <Frame name="AutotradeBidAuctionsExpandButtonFrame">
                <Size>
                    <AbsDimension x="54" y="32"/>
                </Size>
                <Anchors>
                    <Anchor point="TOPLEFT">
                        <Offset>
                            <AbsDimension x="15" y="-70"/>
                        </Offset>
                    </Anchor>
                </Anchors>
                <Layers>
                    <Layer level="BACKGROUND">
                        <Texture name="AutotradeBidAuctionsExpandTabLeft" file="Interface\ClassTrainerFrame\UI-ClassTrainer-ExpandTab-Left">
                            <Size>
                                <AbsDimension x="8" y="32"/>
                            </Size>
                            <Anchors>
                                <Anchor point="TOPLEFT"/>
                            </Anchors>
                        </Texture>
                        <Texture name="AutotradeBidAuctionsExpandTabMiddle" file="Interface\QuestFrame\UI-QuestLogSortTab-Middle">
                            <Size>
                                <AbsDimension x="38" y="32"/>
                            </Size>
                            <Anchors>
                                <Anchor point="LEFT" relativeTo="AutotradeBidAuctionsExpandTabLeft" relativePoint="RIGHT">
                                    <Offset>
                                        <AbsDimension x="0" y="6"/>
                                    </Offset>
                                </Anchor>
                            </Anchors>
                        </Texture>
                        <Texture file="Interface\QuestFrame\UI-QuestLogSortTab-Right">
                            <Size>
                                <AbsDimension x="8" y="32"/>
                            </Size>
                            <Anchors>
                                <Anchor point="LEFT" relativeTo="AutotradeBidAuctionsExpandTabMiddle" relativePoint="RIGHT"/>
                            </Anchors>
                        </Texture>
                    </Layer>
                </Layers>
                <Frames>
                    <Button name="AutotradeBidAuctionsCollapseBidButton" hidden="false" inherits="AutotradeButtonTemplate" text="ALL">
                        <Size>
                            <AbsDimension x="40" y="22"/>
                        </Size>
                        <Anchors>
                            <Anchor point="LEFT" relativeTo="AutotradeBidAuctionsExpandTabLeft" relativePoint="RIGHT">
                                <Offset>
                                    <AbsDimension x="0" y="3"/>
                                </Offset>
                            </Anchor>
                        </Anchors>
                        <Scripts>
                            <OnClick>
                                AutotradeCollapseAllButton_OnClick(AutotradeBidAuctionsPageInfo);
                            </OnClick>
                        </Scripts>
                    </Button>
                </Frames>
            </Frame>
            <Frame name="AutotradeBidAuctionsHighlightFrame" hidden="true">
                <Size>
                    <AbsDimension x="293" y="16"/>
                </Size>
                <Anchors>
                    <Anchor point="TOPLEFT"/>
                </Anchors>
                <Layers>
                    <Layer level="ARTWORK">
                        <Texture name="AutotradeBidAuctionsHighlight" file="Interface\Buttons\UI-Listbox-Highlight2"/>
                    </Layer>
                </Layers>
            </Frame>
            <Button name="AutotradeBidAuctionsItem1" inherits="AutotradeButtonTemplate">
                <Anchors>
                    <Anchor point="TOPLEFT" relativeTo="AutotradeBidAuctionsFrame">
                        <Offset>
                            <AbsDimension x="22" y="-100"/>
                        </Offset>
                    </Anchor>
                </Anchors>
            </Button>
            <Button name="AutotradeBidAuctionsItem2" inherits="AutotradeButtonTemplate">
                <Anchors>
                    <Anchor point="TOPLEFT" relativeTo="AutotradeBidAuctionsItem1" relativePoint="BOTTOMLEFT">
                        <Offset>
                            <AbsDimension x="0" y="0"/>
                        </Offset>
                    </Anchor>
                </Anchors>
            </Button>
            <Button name="AutotradeBidAuctionsItem3" inherits="AutotradeButtonTemplate">
                <Anchors>
                    <Anchor point="TOPLEFT" relativeTo="AutotradeBidAuctionsItem2" relativePoint="BOTTOMLEFT">
                        <Offset>
                            <AbsDimension x="0" y="0"/>
                        </Offset>
                    </Anchor>
                </Anchors>
            </Button>
            <Button name="AutotradeBidAuctionsItem4" inherits="AutotradeButtonTemplate">
                <Anchors>
                    <Anchor point="TOPLEFT" relativeTo="AutotradeBidAuctionsItem3" relativePoint="BOTTOMLEFT">
                        <Offset>
                            <AbsDimension x="0" y="0"/>
                        </Offset>
                    </Anchor>
                </Anchors>
            </Button>
            <Button name="AutotradeBidAuctionsItem5" inherits="AutotradeButtonTemplate">
                <Anchors>
                    <Anchor point="TOPLEFT" relativeTo="AutotradeBidAuctionsItem4" relativePoint="BOTTOMLEFT">
                        <Offset>
                            <AbsDimension x="0" y="0"/>
                        </Offset>
                    </Anchor>
                </Anchors>
            </Button>
            <Button name="AutotradeBidAuctionsItem6" inherits="AutotradeButtonTemplate">
                <Anchors>
                    <Anchor point="TOPLEFT" relativeTo="AutotradeBidAuctionsItem5" relativePoint="BOTTOMLEFT">
                        <Offset>
                            <AbsDimension x="0" y="0"/>
                        </Offset>
                    </Anchor>
                </Anchors>
            </Button>
            <Button name="AutotradeBidAuctionsItem7" inherits="AutotradeButtonTemplate">
                <Anchors>
                    <Anchor point="TOPLEFT" relativeTo="AutotradeBidAuctionsItem6" relativePoint="BOTTOMLEFT">
                        <Offset>
                            <AbsDimension x="0" y="0"/>
                        </Offset>
                    </Anchor>
                </Anchors>
            </Button>
            <Button name="AutotradeBidAuctionsItem8" inherits="AutotradeButtonTemplate">
                <Anchors>
                    <Anchor point="TOPLEFT" relativeTo="AutotradeBidAuctionsItem7" relativePoint="BOTTOMLEFT">
                        <Offset>
                            <AbsDimension x="0" y="0"/>
                        </Offset>
                    </Anchor>
                </Anchors>
            </Button>
            <Button name="AutotradeBidAuctionsItem9" inherits="AutotradeButtonTemplate">
                <Anchors>
                    <Anchor point="TOPLEFT" relativeTo="AutotradeBidAuctionsItem8" relativePoint="BOTTOMLEFT">
                        <Offset>
                            <AbsDimension x="0" y="0"/>
                        </Offset>
                    </Anchor>
                </Anchors>
            </Button>
            <Button name="AutotradeBidAuctionsItem10" inherits="AutotradeButtonTemplate">
                <Anchors>
                    <Anchor point="TOPLEFT" relativeTo="AutotradeBidAuctionsItem9" relativePoint="BOTTOMLEFT">
                        <Offset>
                            <AbsDimension x="0" y="0"/>
                        </Offset>
                    </Anchor>
                </Anchors>
            </Button>
            <Button name="AutotradeBidAuctionsItem11" inherits="AutotradeButtonTemplate">
                <Anchors>
                    <Anchor point="TOPLEFT" relativeTo="AutotradeBidAuctionsItem10" relativePoint="BOTTOMLEFT">
                        <Offset>
                            <AbsDimension x="0" y="0"/>
                        </Offset>
                    </Anchor>
                </Anchors>
            </Button>
            <ScrollFrame name="AutotradeBidAuctionsListScrollFrame" inherits="AutotradeAuctionListScrollFrameTemplate">
                <Size>
                    <AbsDimension x="296" y="184"/>
                </Size>
                <Anchors>
                    <Anchor point="TOPRIGHT" relativeTo="AutotradeBidAuctionsFrame" relativePoint="TOPRIGHT">
                        <Offset>
                            <AbsDimension x="-67" y="-96"/>
                        </Offset>
                    </Anchor>
                </Anchors>
                <Scripts>
                    <OnVerticalScroll>
                        FauxScrollFrame_OnVerticalScroll(AUTO_TRADE_ITEM_HEIGHT, AutotradeListFrame_Update)
                    </OnVerticalScroll>
                </Scripts>
            </ScrollFrame>
            <Frame name="AutotradeBidAuctionsMoneyFrame" inherits="SmallChooseMoneyFrameTemplate">
                <Anchors>
                    <Anchor point="BOTTOMRIGHT" relativeTo="AutotradeBidAuctionsFrame" relativePoint="BOTTOMLEFT">
                        <Offset>
                            <AbsDimension x="180" y="86"/>
                        </Offset>
                    </Anchor>
                </Anchors>
            </Frame>
            <Frame name="AutotradeBidAuctionsDetailScrollChildFrame">
                <Size>
                    <AbsDimension x="320" y="120"/>
                </Size>
                <Anchors>
                    <Anchor point="TOPLEFT" relativeTo="AutotradeBidAuctionsListScrollFrame" relativePoint="BOTTOMLEFT">
                        <Offset>
                            <AbsDimension x="0" y="-8"/>
                        </Offset>
                    </Anchor>
                </Anchors>
                <Layers>
                    <Layer level="BACKGROUND">
                        <FontString name="AutotradeBidAuctionsItemName" inherits="GameFontNormal" justifyH="LEFT">
                            <Size>
                                <AbsDimension x="244" y="0"/>
                            </Size>
                            <Anchors>
                                <Anchor point="TOPLEFT">
                                    <Offset>
                                        <AbsDimension x="46" y="-2"/>
                                    </Offset>
                                </Anchor>
                            </Anchors>
                        </FontString>
                        <FontString name="AutotradeBidAuctionsOwnerLabel" inherits="GameFontNormalSmall" justifyH="LEFT" text="Owner:">
                            <Anchors>
                                <Anchor point="TOPLEFT">
                                    <Offset>
                                        <AbsDimension x="46" y="-22"/>
                                    </Offset>
                                </Anchor>
                            </Anchors>
                        </FontString>
                        <FontString name="AutotradeBidAuctionsOwnerName" inherits="GameFontNormalSmall" justifyH="LEFT">
                            <Anchors>
                                <Anchor point="LEFT" relativeTo="AutotradeAllAuctionsOwnerLabel" relativePoint="RIGHT">
                                    <Offset>
                                        <AbsDimension x="5" y="0"/>
                                    </Offset>
                                </Anchor>
                            </Anchors>
                        </FontString>
                        <FontString name="AutotradeBidAuctionsOwnerLocation" inherits="GameFontNormalSmall" justifyH="LEFT">
                            <Anchors>
                                <Anchor point="LEFT" relativeTo="AutotradeBidAuctionsOwnerName" relativePoint="RIGHT">
                                    <Offset>
                                        <AbsDimension x="5" y="0"/>
                                    </Offset>
                                </Anchor>
                            </Anchors>
                        </FontString>
                        <FontString name="AutotradeBidAuctionsBidLabelUpper" inherits="GameFontNormalSmall" justifyH="LEFT" text="">
                            <Anchors>
                                <Anchor point="TOPLEFT">
                                    <Offset>
                                        <AbsDimension x="5" y="-48"/>
                                    </Offset>
                                </Anchor>
                            </Anchors>
                        </FontString>
                        <FontString name="AutotradeBidAuctionsBidLabelLower" inherits="GameFontNormalSmall" justifyH="LEFT" text="">
                            <Anchors>
                                <Anchor point="TOPLEFT">
                                    <Offset>
                                        <AbsDimension x="5" y="-66"/>
                                    </Offset>
                                </Anchor>
                            </Anchors>
                        </FontString>
                        <FontString name="AutotradeBidAuctionsBidLabelUpperSubText" inherits="GameFontNormalSmall" justifyH="LEFT">
                            <Anchors>
                                <Anchor point="LEFT" relativeTo="AutotradeBidAuctionsBidFrameUpper" relativePoint="RIGHT">
                                    <Offset>
                                        <AbsDimension x="5" y="0"/>
                                    </Offset>
                                </Anchor>
                            </Anchors>
                        </FontString>
                        <FontString name="AutotradeBidAuctionsBidLabelLowerSubText" inherits="GameFontNormalSmall" justifyH="LEFT">
                            <Anchors>
                                <Anchor point="LEFT" relativeTo="AutotradeBidAuctionsBidFrameLower" relativePoint="RIGHT">
                                    <Offset>
                                        <AbsDimension x="5" y="0"/>
                                    </Offset>
                                </Anchor>
                            </Anchors>
                        </FontString>
                        <FontString name="AutotradeBidAuctionsTimeLabel" inherits="GameFontNormalSmall" justifyH="LEFT" text="">
                            <Anchors>
                                <Anchor point="TOPLEFT">
                                    <Offset>
                                        <AbsDimension x="5" y="-84"/>
                                    </Offset>
                                </Anchor>
                            </Anchors>
                        </FontString>
                        <FontString name="AutotradeBidAuctionsTimeText" inherits="GameFontNormalSmall" justifyH="LEFT">
                            <Anchors>
                                <Anchor point="LEFT" relativeTo="AutotradeBidAuctionsTimeLabel" relativePoint="RIGHT">
                                    <Offset>
                                        <AbsDimension x="5" y="0"/>
                                    </Offset>
                                </Anchor>
                            </Anchors>
                        </FontString>
                        <FontString name="AutotradeBidAuctionsMeetInText" inherits="GameFontNormalSmall" justifyH="LEFT">
                            <Anchors>
                                <Anchor point="TOPLEFT">
                                    <Offset>
                                        <AbsDimension x="5" y="-102"/>
                                    </Offset>
                                </Anchor>
                            </Anchors>
                        </FontString>
                    </Layer>
                </Layers>
                <Frames>
                    <Button name="AutotradeBidAuctionsItemIcon">
                        <Size>
                            <AbsDimension x="37" y="37"/>
                        </Size>
                        <Anchors>
                            <Anchor point="TOPLEFT">
                                <Offset>
                                    <AbsDimension x="5" y="-4"/>
                                </Offset>
                            </Anchor>
                        </Anchors>
                        <Layers>
                            <Layer level="BACKGROUND">
                                <Texture file="Interface\Buttons\UI-EmptySlot">
                                    <Size>
                                        <AbsDimension x="64" y="64"/>
                                    </Size>
                                    <Anchors>
                                        <Anchor point="TOPLEFT">
                                            <Offset>
                                                <AbsDimension x="-13" y="13"/>
                                            </Offset>
                                        </Anchor>
                                    </Anchors>
                                </Texture>
                            </Layer>
                            <Layer level="ARTWORK">
                                <FontString name="$parentCount" inherits="NumberFontNormal" justifyH="RIGHT" hidden="true">
                                    <Anchors>
                                        <Anchor point="BOTTOMRIGHT">
                                            <Offset>
                                                <AbsDimension x="-5" y="2"/>
                                            </Offset>
                                        </Anchor>
                                    </Anchors>
                                </FontString>
                            </Layer>
                        </Layers>
                        <Scripts>
                            <OnEnter>
                                AutotradeItemIcon_OnEnter();
                            </OnEnter>
                            <OnLeave>
                                AutotradeItemIcon_OnLeave();
                            </OnLeave>
                        </Scripts>
                    </Button>
                    <Frame name="AutotradeBidAuctionsBidMoneyFrameUpper" inherits="SmallMoneyFrameTemplate">
                        <Anchors>
                            <Anchor point="LEFT" relativeTo="AutotradeBidAuctionsBidLabelUpper" relativePoint="RIGHT">
                                <Offset>
                                    <AbsDimension x="12" y="0"/>
                                </Offset>
                            </Anchor>
                        </Anchors>
                        <Scripts>
                            <OnLoad>
                                this:Hide();
                                SmallMoneyFrame_OnLoad();
                                this.small = 1;
                                MoneyFrame_SetType("PLAYER");
                            </OnLoad>
                        </Scripts>
                    </Frame>
                    <Frame name="AutotradeBidAuctionsBidMoneyFrameLower" inherits="SmallMoneyFrameTemplate">
                        <Anchors>
                            <Anchor point="LEFT" relativeTo="AutotradeBidAuctionsBidLabelLower" relativePoint="RIGHT">
                                <Offset>
                                    <AbsDimension x="12" y="0"/>
                                </Offset>
                            </Anchor>
                        </Anchors>
                        <Scripts>
                            <OnLoad>
                                this:Hide();
                                SmallMoneyFrame_OnLoad();
                                this.small = 1;
                                this.staticMoney = 0;
                                MoneyFrame_SetType("STATIC");
                            </OnLoad>
                        </Scripts>
                    </Frame>
                    <CheckButton name="AutotradeBidAuctionsWishListButton" inherits="RightJustifiedCheckButtonTemplate" text="AUTOTRADE_WISH_LIST">
                        <Size>
                            <AbsDimension x="20" y="20"/>
                        </Size>
                        <Anchors>
                            <Anchor point="TOPRIGHT" relativePoint="TOPRIGHT">
                                <Offset>
                                    <AbsDimension x="-5" y="-62"/>
                                </Offset>
                            </Anchor>
                        </Anchors>
                        <Scripts>
                            <OnClick>
                                AutotradeWishListButton_OnClick();
                            </OnClick>
                        </Scripts>
                    </CheckButton>
                    <CheckButton name="AutotradeBidAuctionsAutoRemoveButton" inherits="RightJustifiedCheckButtonTemplate" text="AUTOTRADE_REMOVE_IF_WIN">
                        <Size>
                            <AbsDimension x="20" y="20"/>
                        </Size>
                        <Anchors>
                            <Anchor point="TOPRIGHT" relativePoint="TOPRIGHT">
                                <Offset>
                                    <AbsDimension x="-5" y="-80"/>
                                </Offset>
                            </Anchor>
                        </Anchors>
                        <Scripts>
                            <OnClick>
                                AutotradeWishListAutoRemoveButton_OnClick();
                            </OnClick>
                        </Scripts>
                    </CheckButton>
                    <Button name="AutotradeBidAuctionsMeetInButton" inherits="UIPanelButtonTemplate">
                        <Size>
                            <AbsDimension x="60" y="16"/>
                        </Size>
                        <Anchors>
                            <Anchor point="LEFT" relativeTo="AutotradeBidAuctionsMeetInText" relativePoint="RIGHT">
                                <Offset>
                                    <AbsDimension x="5" y="0"/>
                                </Offset>
                            </Anchor>
                        </Anchors>
                        <Scripts>
                            <OnClick>
                                Autotrade_MeetInButton_OnClick();
                            </OnClick>
                        </Scripts>
                    </Button>
                </Frames>
            </Frame>
            <Button name="AutotradeBidAuctionsAcceptButton" inherits="UIPanelButtonTemplate" text="ACCEPT">
                <Size>
                    <AbsDimension x="80" y="22"/>
                </Size>
                <Anchors>
                    <Anchor point="CENTER" relativeTo="AutotradeBidAuctionsFrame" relativePoint="TOPLEFT">
                        <Offset>
                            <AbsDimension x="224" y="-420"/>
                        </Offset>
                    </Anchor>
                </Anchors>
                <Scripts>
                    <OnClick>
                        AutotradeAcceptButton_OnClick();
                    </OnClick>
                </Scripts>
            </Button>
            <Button name="AutotradeBidAuctionsRemoveButton" inherits="UIPanelButtonTemplate" text="GLOBAL_REMOVE_TAG_C">
                <Size>
                    <AbsDimension x="80" y="22"/>
                </Size>
                <Anchors>
                    <Anchor point="CENTER" relativeTo="AutotradeBidAuctionsFrame" relativePoint="TOPLEFT">
                        <Offset>
                            <AbsDimension x="305" y="-420"/>
                        </Offset>
                    </Anchor>
                </Anchors>
                <Scripts>
                    <OnClick>
                        AutotradeRemoveButton_OnClick();
                    </OnClick>
                </Scripts>
            </Button>
        </Frames>
        <Scripts>
            <OnLoad>
                AutotradeSubFrame_OnLoad(AutotradeBidAuctionsPageInfo);
                AutotradeBidAuctionsFrame_OnLoad();
            </OnLoad>
            <OnShow>
                PlaySound("igCharacterInfoOpen");
            </OnShow>
            <OnHide>
--[[            Hmm, now what did CloseTrainer do?
                CloseTrainer();
                UpdateMicroButtons();
]]
                AutotradeSubFrame_OnHide(AutotradeBidAuctionsPageInfo);
                PlaySound("igCharacterInfoClose");
            </OnHide>
            <OnEvent>
                AutotradeFrame_OnEvent();
            </OnEvent>
            <OnReceiveDrag>
                --[[ Go to My Auctions frame, not this one ]]
                ForceAutotrade("AutotradeMyAuctionsFrame");
                Autotrade_CreateAuction();
            </OnReceiveDrag>
            <OnMouseWheel>
                return;
            </OnMouseWheel>
        </Scripts>
    </Frame>
</Ui>
